Order_ID,Date,Customer_ID,Customer_Age,Region,Country,Product_Category,Product_Name,Quantity,Unit_Price,Payment_Method
1001,2024-11-23,C2824,19,NorthAm,USA,Furniture,Table,2,1047.38,Credit Card
1002,2024-10-29,C7912,20,Europe,Germany,Furniture,Table,9,942.83,PayPal
1003,2024-11-28,C9928,44,Asia,South Korea,Sports,Basketball,1,614.28,PayPal
1004,2024-12-23,C7924,39,NorthAm,USA,Furniture,Sofa,2,229.84,Credit Card
1005,2024-07-02,C6635,56,NorthAm,USA,Food,Cheese,2,97.58,Cash
1006,2024-02-10,C5803,58,Africa,Nigeria,Sports,Tennis Racket,2,65.28,PayPal
1007,2024-05-28,C2307,32,Europe,Spain,Clothing,Shoes,6,65.54,Bank Transfer
1008,2024-04-17,C5374,62,Europe,Netherlands,Furniture,Desk,4,328.76,Cash
1009,2024-05-18,C4598,61,NorthAm,USA,Furniture,Chair,6,661.63,Credit Card
1010,2024-04-18,C6155,31,SouthAm,Argentina,Food,Coffee,5,22.57,Bank Transfer
1011,2024-10-26,C8019,55,SouthAm,Argentina,Furniture,Table,9,790.92,Credit Card
1012,2024-02-26,C3504,58,Asia,South Korea,Sports,Football,7,323.85,Cash
1013,2024-09-27,C5119,53,Europe,Germany,Sports,Basketball,6,115.9,Cash
1014,2024-03-21,C8433,18,NorthAm,Mexico,Furniture,Desk,2,1318.73,Bank Transfer
1015,2024-11-23,C9317,56,Asia,China,Clothing,T-Shirt,9,286.98,Credit Card
1016,2024-11-02,C6310,49,Europe,Germany,Clothing,Jeans,4,36.22,Credit Card
1017,2024-02-13,C8962,22,Africa,South Africa,Furniture,Bookshelf,9,331.18,Cash
1018,2024-04-18,C9835,64,Asia,India,Food,Tea,8,90.97,Cash
1019,2024-03-02,C5061,32,Europe,Italy,Electronics,Smartwatch,9,614.21,PayPal
1020,2024-01-04,C2163,63,Europe,France,Electronics,Smartphone,6,327.54,PayPal
1021,2024-05-22,C8953,31,Africa,South Africa,Sports,Bicycle Helmet,8,217.11,Cash
1022,2024-07-27,C4119,24,Europe,Spain,Clothing,Shoes,7,150.77,Credit Card
1023,2024-12-10,C2612,21,SouthAm,Chile,Clothing,Jacket,4,73.65,Cash
1024,2024-03-12,C7912,29,NorthAm,Canada,Furniture,Chair,8,1231.23,Credit Card
1025,2024-01-26,C9856,18,Europe,France,Furniture,Bookshelf,8,773.9,Cash
1026,2024-01-31,C3697,42,Europe,Spain,Clothing,Shoes,5,138.44,Cash
1027,2024-03-20,C4111,36,Asia,Japan,Sports,Bicycle Helmet,1,605.94,Credit Card
1028,2024-01-26,C8811,50,Africa,South Africa,Electronics,Smartwatch,2,1732.42,Credit Card
1029,2024-10-31,C2113,61,Asia,South Korea,Electronics,Smartwatch,4,1242.05,Credit Card
1030,2024-11-13,C2343,44,Africa,Egypt,Sports,Basketball,5,187.28,Bank Transfer
1031,2024-05-02,C5351,43,Asia,India,Food,Tea,2,10.84,Credit Card
1032,2024-02-07,C9808,31,Africa,Nigeria,Furniture,Sofa,2,1330.98,Bank Transfer
1033,2024-05-25,C3584,46,Africa,Egypt,Clothing,Dress,9,22.19,Bank Transfer
1034,2024-12-05,C2697,26,NorthAm,USA,Electronics,Smartwatch,3,690.23,PayPal
1035,2024-06-24,C4335,61,NorthAm,Mexico,Food,Tea,1,18.31,Cash
1036,2024-05-21,C1722,18,NorthAm,USA,Clothing,T-Shirt,8,174.47,Cash
1037,2024-10-14,C1158,25,Europe,France,Sports,Football,6,478.53,PayPal
1038,2024-08-08,C3088,20,NorthAm,Canada,Electronics,Tablet,4,1427.72,Credit Card
1039,2024-06-30,C7658,57,Asia,China,Furniture,Table,7,134.7,Bank Transfer
1040,2024-07-29,C5065,35,Asia,Japan,Food,Chocolate,8,30.02,Cash
1041,2024-06-28,C6000,32,Asia,Japan,Furniture,Bookshelf,6,490.04,Credit Card
1042,2024-05-22,C6753,59,Africa,Nigeria,Sports,Basketball,1,118.81,Bank Transfer
1043,2024-04-01,C5349,20,Europe,Netherlands,Food,Tea,6,49.28,Credit Card
1044,2024-07-16,C4114,34,Europe,Spain,Electronics,Smartwatch,9,1436.34,PayPal
1045,2024-07-05,C8066,22,NorthAm,Mexico,Clothing,Jacket,5,161.99,Cash
1046,2024-06-16,C7592,62,NorthAm,Mexico,Furniture,Table,7,1030.9,Cash
1047,2024-12-12,C3851,57,Africa,Nigeria,Food,Cheese,1,37.35,PayPal
1048,2024-08-08,C6279,47,SouthAm,Argentina,Furniture,Desk,8,1211.23,PayPal
1049,2024-12-03,C2389,36,Africa,Egypt,Sports,Basketball,2,660.19,PayPal
1050,2024-12-10,C6085,32,Asia,China,Electronics,Smartphone,4,1971.08,Credit Card
1051,2024-08-21,C7790,58,Africa,South Africa,Food,Pasta,7,31.96,Credit Card
1052,2024-02-24,C7965,32,Asia,Thailand,Food,Chocolate,9,32.43,Credit Card
1053,2024-08-21,C3184,47,Africa,Egypt,Sports,Basketball,8,501.74,Cash
1054,2024-10-07,C8305,28,SouthAm,Argentina,Clothing,T-Shirt,5,234.43,Cash
1055,2024-11-16,C4919,35,SouthAm,Brazil,Clothing,T-Shirt,5,114.04,Credit Card
1056,2024-03-11,C3471,32,SouthAm,Chile,Furniture,Table,2,680.82,Bank Transfer
1057,2024-10-04,C8633,44,Europe,France,Food,Pasta,10,95.15,Credit Card
1058,2024-10-21,C7232,48,Europe,Italy,Clothing,Shoes,7,170.7,PayPal
1059,2024-09-06,C4595,35,SouthAm,Argentina,Electronics,Headphones,6,1403.97,Cash
1060,2024-03-25,C8657,26,Africa,Egypt,Electronics,Headphones,10,1215.91,Credit Card
1061,2024-02-12,C8022,26,SouthAm,Brazil,Electronics,Tablet,7,789.23,Cash
1062,2024-06-16,C6529,42,NorthAm,Canada,Clothing,Jacket,8,25.43,Credit Card
1063,2024-06-28,C4673,59,Europe,Germany,Electronics,Laptop,4,1710.61,PayPal
1064,2024-05-02,C3068,48,Europe,Netherlands,Furniture,Bookshelf,5,1173.66,PayPal
1065,2024-11-06,C2876,28,NorthAm,USA,Sports,Football,5,473.36,Cash
1066,2024-07-22,C4249,22,Africa,Egypt,Furniture,Chair,5,1290.41,Credit Card
1067,2024-10-16,C1672,40,Africa,Nigeria,Clothing,Jacket,9,201.31,Credit Card
1068,2024-08-03,C9031,24,SouthAm,Argentina,Food,Coffee,7,25.85,Bank Transfer
1069,2024-11-11,C9817,48,SouthAm,Argentina,Sports,Basketball,6,685.82,Credit Card
1070,2024-05-22,C8385,33,SouthAm,Chile,Sports,Yoga Mat,6,52.1,Bank Transfer
1071,2024-04-03,C8988,31,NorthAm,Canada,Clothing,Jeans,10,216.33,Bank Transfer
1072,2024-10-11,C1166,51,Asia,Japan,Furniture,Bookshelf,8,877.25,PayPal
1073,2024-12-19,C8800,59,SouthAm,Argentina,Electronics,Smartphone,5,598.87,PayPal
1074,2024-06-05,C7046,48,Africa,Egypt,Clothing,Shoes,9,112.62,Cash
1075,2024-05-18,C6023,34,Asia,Japan,Furniture,Sofa,2,1140.03,PayPal
1076,2024-04-08,C4545,65,SouthAm,Argentina,Sports,Bicycle Helmet,10,247.91,Credit Card
1077,2024-04-09,C5853,32,NorthAm,USA,Clothing,Jacket,9,55.44,Credit Card
1078,2024-01-28,C5786,62,Asia,South Korea,Electronics,Smartphone,10,711.81,Cash
1079,2024-08-13,C6582,29,Europe,Italy,Food,Chocolate,2,46.06,Credit Card
1080,2024-10-22,C1878,27,Asia,Thailand,Clothing,Jacket,4,53.17,Cash
1081,2024-11-06,C4697,51,SouthAm,Argentina,Food,Tea,10,99.1,Bank Transfer
1082,2024-10-18,C1986,57,Europe,France,Furniture,Sofa,2,319.88,PayPal
1083,2024-10-09,C2229,28,Europe,Spain,Food,Cheese,8,36.21,PayPal
1084,2024-05-27,C5632,62,SouthAm,Brazil,Furniture,Sofa,10,1025.66,PayPal
1085,2024-08-05,C2880,52,Asia,China,Clothing,T-Shirt,2,36.7,Bank Transfer
1086,2024-10-31,C5728,46,Europe,Spain,Clothing,Shoes,5,160.13,Cash
1087,2024-08-12,C2317,56,Europe,Spain,Clothing,Dress,5,27.24,PayPal
1088,2024-12-11,C1339,61,NorthAm,Mexico,Electronics,Laptop,8,1134.13,Cash
1089,2024-05-22,C3973,55,SouthAm,Chile,Food,Chocolate,8,41.32,Bank Transfer
1090,2024-06-13,C2713,28,NorthAm,Canada,Food,Tea,7,83.22,Credit Card
1091,2024-08-20,C2442,38,NorthAm,Canada,Electronics,Headphones,9,1684.87,Credit Card
1092,2024-12-02,C9889,47,SouthAm,Brazil,Furniture,Desk,6,971.69,Cash
1093,2024-11-16,C8242,21,Asia,India,Sports,Tennis Racket,5,367.35,Cash
1094,2024-03-03,C1472,58,Africa,South Africa,Furniture,Sofa,9,119.14,Cash
1095,2024-02-17,C4681,25,SouthAm,Brazil,Furniture,Bookshelf,5,812.42,Bank Transfer
1096,2024-07-31,C8905,48,Asia,South Korea,Sports,Tennis Racket,7,176.77,PayPal
1097,2024-02-05,C5526,44,NorthAm,Mexico,Clothing,Jacket,5,223.29,Cash
1098,2024-03-17,C8316,52,SouthAm,Argentina,Clothing,Dress,9,125.62,Bank Transfer
1099,2024-04-06,C4912,54,SouthAm,Brazil,Food,Chocolate,6,77.02,Cash
1100,2024-07-16,C3492,49,Europe,France,Sports,Bicycle Helmet,6,699.67,Cash
1101,2024-02-21,C9617,47,Europe,France,Food,Coffee,2,52.25,Bank Transfer
1102,2024-06-22,C7512,59,Europe,Italy,Sports,Yoga Mat,6,512.64,Cash
1103,2024-10-04,C1588,57,Europe,France,Clothing,T-Shirt,2,141.51,Credit Card
1104,2024-11-20,C2646,46,Asia,India,Electronics,Smartphone,6,1633.06,Bank Transfer
1105,2024-07-02,C7141,45,Asia,China,Sports,Yoga Mat,10,554.99,PayPal
1106,2024-03-28,C3868,23,Africa,Nigeria,Sports,Tennis Racket,8,732.88,PayPal
1107,2024-04-28,C8555,58,NorthAm,Canada,Clothing,Jacket,8,272.34,PayPal
1108,2024-02-07,C8237,40,Africa,Nigeria,Food,Tea,8,86.08,PayPal
1109,2024-07-15,C8916,24,Asia,South Korea,Sports,Basketball,10,257.82,Bank Transfer
1110,2024-01-12,C7484,35,Europe,Netherlands,Electronics,Smartwatch,8,1699.11,Bank Transfer
1111,2024-04-27,C6772,32,Asia,Thailand,Clothing,T-Shirt,2,272.95,Credit Card
1112,2024-06-07,C8222,20,Africa,Nigeria,Furniture,Chair,5,557.41,Cash
1113,2024-03-30,C4289,26,Africa,Nigeria,Sports,Bicycle Helmet,5,669.46,Bank Transfer
1114,2024-09-03,C5835,65,NorthAm,USA,Food,Chocolate,3,77.87,PayPal
1115,2024-12-12,C7511,53,NorthAm,USA,Food,Chocolate,5,58.29,Cash
1116,2024-07-07,C5295,55,SouthAm,Chile,Clothing,Jacket,4,152.01,Bank Transfer
1117,2024-11-08,C4626,59,Europe,Spain,Clothing,Shoes,2,59.14,Credit Card
1118,2024-06-04,C9071,25,Europe,France,Sports,Tennis Racket,7,379.31,Cash
1119,2024-10-27,C3531,44,Europe,Spain,Sports,Yoga Mat,5,55.19,Bank Transfer
1120,2024-04-21,C8264,46,Asia,India,Electronics,Tablet,9,1823.05,Bank Transfer
1121,2024-02-01,C7523,35,Asia,Japan,Food,Chocolate,4,67.75,Credit Card
1122,2024-01-26,C6464,33,Asia,Thailand,Furniture,Chair,9,390.02,PayPal
1123,2024-04-29,C6383,27,Africa,South Africa,Clothing,T-Shirt,3,171.26,PayPal
1124,2024-02-26,C1422,26,Europe,Italy,Furniture,Desk,6,122.09,Bank Transfer
1125,2024-01-27,C3076,65,SouthAm,Chile,Electronics,Smartphone,8,1006.9,Bank Transfer
1126,2024-09-19,C2786,46,Africa,South Africa,Sports,Football,9,262.26,Credit Card
1127,2024-02-01,C8847,43,SouthAm,Chile,Electronics,Headphones,8,332.28,Credit Card
1128,2024-06-13,C3430,22,Asia,India,Sports,Bicycle Helmet,9,578.36,Cash
1129,2024-11-01,C9692,36,SouthAm,Chile,Sports,Yoga Mat,2,640.68,Credit Card
1130,2024-12-01,C4522,45,SouthAm,Brazil,Food,Tea,8,45.89,Credit Card
1131,2024-06-09,C7992,38,NorthAm,Canada,Furniture,Bookshelf,2,227.71,Credit Card
1132,2024-02-17,C8075,24,NorthAm,USA,Sports,Football,10,766.6,Bank Transfer
1133,2024-12-09,C3002,44,NorthAm,Mexico,Food,Chocolate,5,64.04,Bank Transfer
1134,2024-02-23,C9313,31,Asia,South Korea,Furniture,Chair,6,1283.52,Bank Transfer
1135,2024-02-28,C5564,54,Asia,South Korea,Sports,Bicycle Helmet,10,549.73,Credit Card
1136,2024-11-07,C5381,19,Asia,India,Clothing,Jeans,6,21.71,PayPal
1137,2024-10-16,C7566,22,Asia,Japan,Electronics,Smartwatch,4,877.15,Cash
1138,2024-06-23,C3578,41,NorthAm,Mexico,Clothing,Dress,10,43.79,Credit Card
1139,2024-03-20,C3579,57,Europe,Germany,Clothing,Shoes,7,155.99,Cash
1140,2024-07-31,C5475,31,Africa,South Africa,Clothing,Shoes,2,99.31,Cash
1141,2024-09-26,C6053,20,Asia,South Korea,Sports,Football,1,187.41,PayPal
1142,2024-03-11,C5186,36,NorthAm,USA,Electronics,Headphones,7,516.25,Cash
1143,2024-09-29,C4770,50,Africa,Egypt,Clothing,Jacket,7,261.29,Credit Card
1144,2024-08-11,C1307,47,Europe,Italy,Sports,Yoga Mat,10,341.41,Cash
1145,2024-05-28,C2887,43,Europe,Italy,Furniture,Desk,8,1264.84,Bank Transfer
1146,2024-02-15,C8155,24,Asia,South Korea,Sports,Yoga Mat,9,90.56,Bank Transfer
1147,2024-06-22,C4630,39,Asia,Japan,Sports,Football,9,422.66,Bank Transfer
1148,2024-06-28,C3419,33,Europe,France,Clothing,T-Shirt,3,188.67,Credit Card
1149,2024-03-31,C9095,47,Africa,Egypt,Food,Cheese,10,39.09,Bank Transfer
1150,2024-03-18,C8205,22,SouthAm,Argentina,Clothing,Jeans,10,35.73,Credit Card
1151,2024-06-07,C8565,46,Europe,Germany,Clothing,Jeans,2,200.51,Credit Card
1152,2024-11-10,C9307,42,SouthAm,Chile,Sports,Football,8,729.97,PayPal
1153,2024-06-13,C8792,50,Asia,Japan,Food,Chocolate,6,98.41,Credit Card
1154,2024-09-15,C3827,20,Asia,South Korea,Food,Cheese,9,64.88,Bank Transfer
1155,2024-07-09,C5634,42,SouthAm,Argentina,Sports,Football,6,80.75,Credit Card
1156,2024-10-12,C7333,36,NorthAm,Mexico,Sports,Tennis Racket,6,92.76,PayPal
1157,2024-06-28,C6082,59,SouthAm,Brazil,Sports,Football,5,460.37,Bank Transfer
1158,2024-03-06,C9624,23,SouthAm,Chile,Clothing,Jacket,6,106.48,PayPal
1159,2024-06-23,C8967,30,Asia,China,Furniture,Chair,5,1282.2,Credit Card
1160,2024-09-16,C9843,65,Africa,South Africa,Clothing,Dress,3,187.23,PayPal
1161,2024-03-24,C3962,62,Africa,South Africa,Food,Chocolate,7,42.79,PayPal
1162,2024-08-15,C5668,65,SouthAm,Brazil,Sports,Tennis Racket,5,773.51,Cash
1163,2024-04-09,C7026,61,Africa,Nigeria,Food,Tea,7,55.26,Cash
1164,2024-03-23,C4271,56,Asia,India,Electronics,Headphones,6,1198.17,Credit Card
1165,2024-12-30,C9452,25,NorthAm,USA,Furniture,Sofa,8,1367.43,PayPal
1166,2024-08-11,C2502,32,SouthAm,Argentina,Electronics,Headphones,1,913.62,Bank Transfer
1167,2024-04-30,C7326,23,NorthAm,USA,Electronics,Tablet,2,1710.52,Bank Transfer
1168,2024-03-15,C3254,20,NorthAm,Canada,Furniture,Bookshelf,8,961.49,Credit Card
1169,2024-01-10,C5193,31,Asia,Thailand,Sports,Bicycle Helmet,7,115.61,Bank Transfer
1170,2024-05-01,C5934,25,Europe,France,Food,Cheese,8,15.65,Cash
1171,2024-11-01,C9782,19,Africa,Egypt,Furniture,Table,5,700.93,Bank Transfer
1172,2024-05-03,C7825,29,Europe,Netherlands,Clothing,Jacket,9,172.34,Credit Card
1173,2024-07-18,C8702,20,SouthAm,Argentina,Clothing,Jacket,6,240.79,Bank Transfer
1174,2024-05-03,C2698,55,NorthAm,USA,Electronics,Tablet,9,809.39,PayPal
1175,2024-12-16,C8612,62,SouthAm,Chile,Furniture,Table,2,1102.46,Cash
1176,2024-01-19,C5807,30,Europe,France,Electronics,Tablet,5,1127.69,Cash
1177,2024-05-09,C1599,59,Asia,India,Clothing,Jacket,6,96.5,Bank Transfer
1178,2024-08-11,C7553,65,SouthAm,Argentina,Clothing,T-Shirt,8,213.78,Bank Transfer
1179,2024-09-22,C5369,23,SouthAm,Brazil,Food,Cheese,3,59.09,Bank Transfer
1180,2024-02-22,C2311,38,NorthAm,Canada,Food,Cheese,7,25.0,Cash
1181,2024-06-28,C8325,20,NorthAm,Mexico,Food,Tea,1,16.75,Cash
1182,2024-07-05,C9406,65,Asia,Japan,Furniture,Desk,8,148.72,Credit Card
1183,2024-04-30,C7001,41,SouthAm,Chile,Electronics,Smartwatch,3,1422.31,Bank Transfer
1184,2024-07-09,C8273,22,Africa,South Africa,Sports,Basketball,7,272.08,Bank Transfer
1185,2024-05-07,C2858,19,Asia,South Korea,Sports,Yoga Mat,9,120.68,Bank Transfer
1186,2024-12-26,C8311,31,Africa,Nigeria,Food,Coffee,2,22.22,Credit Card
1187,2024-08-19,C3828,63,SouthAm,Brazil,Clothing,Jeans,2,174.0,Bank Transfer
1188,2024-06-02,C3580,63,Asia,India,Sports,Tennis Racket,2,788.55,PayPal
1189,2024-05-01,C9094,19,NorthAm,Mexico,Sports,Basketball,8,648.82,PayPal
1190,2024-11-09,C2412,22,NorthAm,Canada,Food,Cheese,7,79.22,Credit Card
1191,2024-03-05,C6194,59,Europe,Spain,Food,Cheese,6,21.55,PayPal
1192,2024-03-07,C8088,50,Europe,Germany,Sports,Tennis Racket,5,156.79,Bank Transfer
1193,2024-12-29,C4694,40,Africa,Nigeria,Electronics,Tablet,4,1343.1,Bank Transfer
1194,2024-03-05,C5961,57,Africa,South Africa,Sports,Tennis Racket,10,755.04,PayPal
1195,2024-03-28,C6531,54,Europe,Germany,Electronics,Smartphone,10,676.38,PayPal
1196,2024-10-19,C7825,57,Europe,Spain,Sports,Basketball,5,401.87,Cash
1197,2024-06-01,C8430,22,Europe,France,Food,Pasta,8,51.8,Bank Transfer
1198,2024-11-06,C3353,38,NorthAm,Mexico,Clothing,Shoes,3,232.99,Credit Card
1199,2024-06-12,C4960,47,Europe,Italy,Food,Coffee,3,18.71,Bank Transfer
1200,2024-07-15,C7850,33,Asia,India,Sports,Basketball,4,617.6,Cash
1201,2024-09-20,C8648,49,NorthAm,Canada,Electronics,Smartphone,7,1109.8,PayPal
1202,2024-04-20,C6781,21,Europe,Italy,Food,Cheese,8,35.72,Credit Card
1203,2024-02-25,C8060,26,NorthAm,Mexico,Clothing,Shoes,6,32.67,Credit Card
1204,2024-10-18,C4189,41,Africa,Nigeria,Electronics,Headphones,9,1010.64,Bank Transfer
1205,2024-11-15,C2946,26,Europe,Spain,Clothing,Jeans,9,282.91,PayPal
1206,2024-04-11,C9341,43,Africa,South Africa,Electronics,Smartphone,3,1484.47,Cash
1207,2024-09-22,C8487,27,Africa,Egypt,Furniture,Sofa,10,545.94,Cash
1208,2024-11-11,C5902,55,NorthAm,Mexico,Sports,Bicycle Helmet,8,575.73,Bank Transfer
1209,2024-08-31,C1272,41,NorthAm,Mexico,Electronics,Headphones,10,753.82,Credit Card
1210,2024-11-01,C8775,34,Africa,Egypt,Furniture,Chair,10,772.63,Cash
1211,2024-03-16,C4968,20,Africa,Egypt,Electronics,Laptop,1,993.87,Cash
1212,2024-03-18,C7765,62,Asia,South Korea,Sports,Bicycle Helmet,8,702.07,Credit Card
1213,2024-12-27,C3262,51,Asia,Thailand,Clothing,Shoes,9,125.51,PayPal
1214,2024-08-23,C9734,39,Africa,Nigeria,Clothing,Dress,8,73.83,PayPal
1215,2024-05-22,C5890,32,NorthAm,Canada,Furniture,Bookshelf,6,771.72,Bank Transfer
1216,2024-05-27,C2996,54,Africa,Nigeria,Food,Tea,3,36.14,Bank Transfer
1217,2024-02-10,C6674,46,NorthAm,Mexico,Food,Coffee,4,84.52,Bank Transfer
1218,2024-10-14,C5450,26,Europe,Netherlands,Sports,Tennis Racket,4,69.09,PayPal
1219,2024-11-22,C4814,21,Europe,Spain,Clothing,Shoes,2,210.73,PayPal
1220,2024-01-03,C3587,44,SouthAm,Argentina,Furniture,Sofa,6,499.58,Credit Card
1221,2024-02-15,C4804,52,Europe,France,Food,Coffee,1,99.75,Cash
1222,2024-09-10,C4052,65,NorthAm,USA,Electronics,Tablet,10,1285.01,Bank Transfer
1223,2024-05-25,C8444,59,Africa,Egypt,Food,Coffee,9,52.12,PayPal
1224,2024-02-27,C6417,28,SouthAm,Chile,Clothing,T-Shirt,1,226.25,Bank Transfer
1225,2024-10-17,C4164,29,Africa,Egypt,Food,Pasta,9,39.51,Cash
1226,2024-12-08,C2562,29,Asia,South Korea,Clothing,T-Shirt,1,93.02,PayPal
1227,2024-08-16,C5374,39,NorthAm,Mexico,Sports,Football,5,533.34,PayPal
1228,2024-02-01,C2936,47,NorthAm,USA,Food,Cheese,5,72.13,Bank Transfer
1229,2024-07-07,C4618,32,Asia,South Korea,Furniture,Bookshelf,10,623.07,Cash
1230,2024-10-02,C4578,33,Africa,South Africa,Sports,Yoga Mat,9,571.9,Credit Card
1231,2024-10-15,C2838,21,Africa,Egypt,Furniture,Desk,9,309.79,Bank Transfer
1232,2024-09-23,C8239,25,Asia,Thailand,Food,Chocolate,9,50.09,Credit Card
1233,2024-08-20,C3161,50,SouthAm,Argentina,Sports,Football,9,386.03,Bank Transfer
1234,2024-01-12,C7487,34,Europe,France,Sports,Football,1,356.25,Credit Card
1235,2024-10-04,C1987,22,SouthAm,Brazil,Clothing,Shoes,3,235.31,Cash
1236,2024-07-10,C7266,46,SouthAm,Argentina,Electronics,Smartwatch,3,1376.36,Bank Transfer
1237,2024-03-01,C3924,52,SouthAm,Chile,Furniture,Table,1,1158.65,Bank Transfer
1238,2024-08-25,C9920,45,Africa,Nigeria,Furniture,Table,8,584.62,Bank Transfer
1239,2024-04-06,C2848,20,SouthAm,Chile,Electronics,Laptop,4,321.12,Credit Card
1240,2024-08-16,C1797,33,Europe,Spain,Food,Coffee,9,29.55,Credit Card
1241,2024-03-12,C9255,36,Asia,Thailand,Clothing,Dress,10,236.31,Bank Transfer
1242,2024-05-01,C5944,27,Africa,South Africa,Food,Tea,5,15.49,PayPal
1243,2024-11-16,C7999,53,SouthAm,Brazil,Clothing,Shoes,9,109.25,Cash
1244,2024-07-28,C3444,37,SouthAm,Brazil,Sports,Yoga Mat,4,683.99,Bank Transfer
1245,2024-12-28,C3365,47,Europe,Netherlands,Food,Pasta,9,57.7,Cash
1246,2024-05-04,C5177,31,NorthAm,Mexico,Electronics,Headphones,6,366.44,PayPal
1247,2024-01-27,C5398,42,Africa,Egypt,Electronics,Smartphone,4,1648.37,PayPal
1248,2024-09-02,C4422,39,NorthAm,USA,Furniture,Table,2,1145.63,Cash
1249,2024-05-04,C4350,43,Asia,Thailand,Clothing,Jeans,7,150.55,Bank Transfer
1250,2024-06-06,C5285,41,Africa,Nigeria,Food,Chocolate,8,78.55,Bank Transfer
1251,2024-04-14,C7073,38,SouthAm,Brazil,Sports,Tennis Racket,3,42.49,Cash
1252,2024-05-31,C3497,30,NorthAm,USA,Food,Cheese,4,54.94,Bank Transfer
1253,2024-05-11,C9005,64,SouthAm,Argentina,Furniture,Sofa,3,295.94,Cash
1254,2024-04-04,C9882,59,Europe,Netherlands,Electronics,Smartphone,1,1575.81,Cash
1255,2024-03-11,C4791,22,Asia,Japan,Furniture,Desk,8,622.48,Cash
1256,2024-12-03,C8993,19,Europe,Netherlands,Sports,Yoga Mat,1,42.88,Bank Transfer
1257,2024-10-01,C5697,19,Africa,Egypt,Food,Coffee,2,92.62,PayPal
1258,2024-05-03,C4144,57,Africa,Nigeria,Clothing,Jeans,7,42.13,Cash
1259,2024-08-23,C4984,62,Asia,India,Electronics,Smartphone,2,929.5,Cash
1260,2024-10-09,C8798,21,Europe,France,Electronics,Headphones,7,1360.83,Bank Transfer
1261,2024-10-16,C2562,51,Europe,France,Furniture,Desk,8,479.53,Credit Card
1262,2024-12-16,C5593,52,Africa,Egypt,Electronics,Laptop,6,228.18,PayPal
1263,2024-10-27,C3362,63,SouthAm,Brazil,Clothing,T-Shirt,10,87.33,Cash
1264,2024-12-12,C9856,39,SouthAm,Chile,Furniture,Chair,9,1143.64,Bank Transfer
1265,2024-01-28,C2600,45,Asia,Japan,Clothing,Dress,10,287.36,Cash
1266,2024-06-16,C1485,58,NorthAm,Canada,Food,Coffee,6,59.77,Cash
1267,2024-08-09,C4043,61,Africa,Egypt,Food,Chocolate,10,36.58,PayPal
1268,2024-02-07,C2344,35,Asia,South Korea,Furniture,Bookshelf,6,604.98,Credit Card
1269,2024-01-03,C6050,46,NorthAm,Canada,Electronics,Laptop,2,537.31,Cash
1270,2024-10-12,C9395,44,Europe,Germany,Electronics,Tablet,9,367.52,Bank Transfer
1271,2024-07-16,C1202,36,SouthAm,Argentina,Electronics,Smartwatch,4,1229.53,PayPal
1272,2024-12-16,C7237,28,Asia,India,Clothing,Jeans,8,60.86,PayPal
1273,2024-08-10,C5521,44,NorthAm,Canada,Electronics,Tablet,5,1899.6,Cash
1274,2024-10-31,C4203,47,Europe,France,Clothing,Jacket,7,113.02,Cash
1275,2024-06-17,C8212,39,SouthAm,Chile,Sports,Tennis Racket,5,276.91,PayPal
1276,2024-09-02,C6147,29,SouthAm,Argentina,Clothing,Shoes,10,238.95,Bank Transfer
1277,2024-07-11,C5592,43,NorthAm,USA,Sports,Tennis Racket,10,797.89,PayPal
1278,2024-12-15,C1440,64,SouthAm,Chile,Furniture,Bookshelf,5,1263.79,Credit Card
1279,2024-07-28,C9180,26,NorthAm,USA,Clothing,T-Shirt,7,240.94,Credit Card
1280,2024-08-17,C8851,55,SouthAm,Chile,Sports,Yoga Mat,9,58.31,Bank Transfer
1281,2024-12-25,C9796,56,Europe,Germany,Furniture,Sofa,3,1005.8,Credit Card
1282,2024-10-15,C7547,39,SouthAm,Brazil,Electronics,Smartphone,5,599.6,PayPal
1283,2024-08-16,C7129,43,SouthAm,Chile,Sports,Bicycle Helmet,3,295.62,Credit Card
1284,2024-09-04,C2712,36,SouthAm,Brazil,Electronics,Laptop,6,761.4,Cash
1285,2024-04-15,C9537,48,NorthAm,Canada,Electronics,Headphones,8,774.04,Bank Transfer
1286,2024-01-23,C2885,19,NorthAm,Mexico,Electronics,Laptop,4,1128.79,PayPal
1287,2024-06-18,C7985,47,Asia,South Korea,Furniture,Table,7,653.82,PayPal
1288,2024-08-18,C8037,42,Europe,France,Furniture,Sofa,2,908.29,PayPal
1289,2024-07-06,C6340,30,SouthAm,Brazil,Clothing,Shoes,9,290.46,Bank Transfer
1290,2024-11-01,C7367,57,SouthAm,Chile,Electronics,Tablet,6,1721.93,PayPal
1291,2024-12-10,C5873,57,Africa,South Africa,Furniture,Sofa,2,434.0,Credit Card
1292,2024-04-03,C7116,62,Asia,Thailand,Food,Pasta,10,22.41,Cash
1293,2024-08-04,C4043,49,Africa,Egypt,Furniture,Desk,3,785.5,PayPal
1294,2024-04-05,C6154,46,Africa,South Africa,Clothing,Jacket,8,58.23,Cash
1295,2024-10-14,C9281,59,SouthAm,Argentina,Food,Pasta,8,53.98,Credit Card
1296,2024-10-16,C1505,32,NorthAm,USA,Clothing,T-Shirt,9,100.83,Cash
1297,2024-10-16,C9115,53,Africa,South Africa,Sports,Football,5,626.84,Bank Transfer
1298,2024-10-04,C1681,64,SouthAm,Chile,Furniture,Bookshelf,2,1130.38,PayPal
1299,2024-06-01,C1528,46,NorthAm,Canada,Electronics,Headphones,2,1596.14,PayPal
1300,2024-04-17,C6744,63,Africa,Egypt,Food,Coffee,10,22.53,PayPal
1301,2024-04-15,C1972,54,NorthAm,Mexico,Clothing,Dress,9,67.15,Bank Transfer
1302,2024-05-28,C5380,50,Europe,France,Food,Chocolate,5,88.03,PayPal
1303,2024-12-25,C3174,33,Asia,India,Furniture,Bookshelf,8,299.04,Bank Transfer
1304,2024-11-17,C7786,42,SouthAm,Brazil,Electronics,Headphones,9,1549.64,Bank Transfer
1305,2024-08-20,C8996,38,Africa,South Africa,Electronics,Headphones,6,1730.19,Cash
1306,2024-04-21,C8039,31,SouthAm,Argentina,Clothing,Jeans,6,173.25,PayPal
1307,2024-10-16,C8951,39,Europe,Germany,Electronics,Headphones,1,423.63,PayPal
1308,2024-08-13,C8479,18,SouthAm,Brazil,Furniture,Sofa,3,1324.19,Bank Transfer
1309,2024-02-17,C6905,34,Europe,Italy,Furniture,Chair,7,975.85,PayPal
1310,2024-08-07,C2494,63,Europe,Germany,Furniture,Bookshelf,2,285.78,PayPal
1311,2024-09-22,C8291,18,Europe,Italy,Electronics,Headphones,3,1059.86,PayPal
1312,2024-07-15,C2463,64,Europe,Germany,Clothing,Jeans,5,58.4,PayPal
1313,2024-11-24,C3340,22,Africa,Egypt,Electronics,Smartwatch,3,992.18,PayPal
1314,2024-11-17,C3480,44,Africa,Egypt,Food,Coffee,2,90.69,PayPal
1315,2024-03-04,C7291,40,SouthAm,Argentina,Furniture,Table,5,1002.47,PayPal
1316,2024-10-10,C5668,62,Europe,Italy,Furniture,Desk,10,813.33,Cash
1317,2024-05-31,C1894,33,SouthAm,Argentina,Electronics,Laptop,8,1348.55,Credit Card
1318,2024-09-27,C1197,41,NorthAm,USA,Food,Cheese,7,42.89,PayPal
1319,2024-08-29,C2195,19,Africa,South Africa,Electronics,Tablet,4,271.69,Credit Card
1320,2024-07-22,C9300,36,Africa,Nigeria,Food,Pasta,2,67.65,PayPal
1321,2024-05-22,C2369,37,Europe,Netherlands,Furniture,Table,9,557.45,Credit Card
1322,2024-06-07,C8167,64,Asia,Japan,Furniture,Chair,7,262.38,Credit Card
1323,2024-06-07,C3877,25,Europe,France,Electronics,Laptop,8,1915.43,Bank Transfer
1324,2024-03-26,C7092,26,NorthAm,Mexico,Electronics,Smartphone,6,1652.79,Bank Transfer
1325,2024-09-25,C2046,34,Africa,Egypt,Electronics,Headphones,8,1119.41,Credit Card
1326,2024-09-12,C3734,41,Asia,India,Electronics,Smartwatch,2,611.13,Credit Card
1327,2024-01-23,C1201,33,Europe,Spain,Clothing,Shoes,3,70.11,Credit Card
1328,2024-10-10,C7870,32,NorthAm,USA,Food,Tea,5,84.34,Bank Transfer
1329,2024-03-02,C9225,61,Europe,France,Furniture,Desk,1,1435.71,Credit Card
1330,2024-08-26,C5625,37,NorthAm,USA,Sports,Yoga Mat,1,314.07,Bank Transfer
1331,2024-10-15,C5979,65,Africa,South Africa,Food,Tea,10,97.47,PayPal
1332,2024-10-06,C5016,27,Europe,Spain,Electronics,Laptop,9,823.56,Credit Card
1333,2024-06-20,C1023,60,SouthAm,Chile,Clothing,Jacket,4,168.35,PayPal
1334,2024-08-02,C9061,21,Asia,India,Electronics,Smartphone,4,1815.12,Cash
1335,2024-12-24,C7102,47,Europe,Netherlands,Electronics,Smartwatch,3,1346.99,Cash
1336,2024-02-08,C2020,45,Asia,China,Clothing,Jeans,6,279.29,Cash
1337,2024-12-24,C6345,38,SouthAm,Argentina,Furniture,Chair,4,290.56,Credit Card
1338,2024-03-20,C2731,28,SouthAm,Argentina,Clothing,Shoes,2,170.06,PayPal
1339,2024-08-19,C6051,47,NorthAm,USA,Electronics,Laptop,5,1687.5,Credit Card
1340,2024-04-20,C6370,27,Europe,France,Clothing,Shoes,9,33.71,Bank Transfer
1341,2024-05-13,C3848,19,SouthAm,Argentina,Sports,Bicycle Helmet,4,102.94,Credit Card
1342,2024-03-12,C2989,18,Europe,France,Furniture,Table,7,621.14,Credit Card
1343,2024-10-25,C5240,22,Europe,Germany,Furniture,Bookshelf,3,228.77,Bank Transfer
1344,2024-03-03,C1699,47,Europe,France,Sports,Yoga Mat,7,412.02,Cash
1345,2024-12-15,C7990,29,NorthAm,USA,Furniture,Sofa,5,724.42,PayPal
1346,2024-01-18,C5026,59,NorthAm,Canada,Food,Cheese,8,15.49,Bank Transfer
1347,2024-07-15,C3248,44,Asia,Thailand,Furniture,Desk,1,1485.17,Bank Transfer
1348,2024-09-02,C9921,49,NorthAm,Mexico,Sports,Basketball,7,238.24,Credit Card
1349,2024-06-12,C4588,19,NorthAm,USA,Food,Cheese,6,79.02,PayPal
1350,2024-03-22,C2640,33,Asia,India,Sports,Football,4,473.28,Cash
1351,2024-06-30,C3846,29,Asia,Thailand,Clothing,Jeans,10,27.9,Bank Transfer
1352,2024-10-17,C3328,54,Asia,South Korea,Sports,Basketball,3,407.64,Credit Card
1353,2024-01-29,C4811,56,Asia,Japan,Sports,Yoga Mat,1,285.44,PayPal
1354,2024-03-07,C6582,63,Asia,India,Electronics,Smartphone,3,1255.9,PayPal
1355,2024-02-26,C9622,41,Europe,Italy,Food,Cheese,2,40.29,Bank Transfer
1356,2024-03-10,C3580,64,SouthAm,Chile,Food,Tea,3,73.65,Bank Transfer
1357,2024-04-24,C3872,42,NorthAm,Mexico,Clothing,T-Shirt,3,224.07,Cash
1358,2024-10-17,C1530,29,Africa,Nigeria,Sports,Tennis Racket,10,110.16,Cash
1359,2024-03-13,C6425,65,Europe,France,Clothing,Jeans,3,198.13,Credit Card
1360,2024-12-28,C6500,46,Europe,Italy,Furniture,Table,2,590.67,Credit Card
1361,2024-01-01,C1788,42,SouthAm,Chile,Food,Coffee,7,54.38,Cash
1362,2024-06-28,C9946,42,Europe,Spain,Sports,Tennis Racket,3,377.49,Credit Card
1363,2024-05-30,C1328,38,NorthAm,USA,Electronics,Tablet,3,1798.28,PayPal
1364,2024-02-08,C9962,23,NorthAm,Mexico,Sports,Yoga Mat,1,362.12,PayPal
1365,2024-11-06,C8113,28,Europe,Germany,Clothing,T-Shirt,4,134.6,Bank Transfer
1366,2024-12-04,C5612,37,Asia,Japan,Electronics,Headphones,10,1189.39,Cash
1367,2024-03-19,C1893,41,Europe,Spain,Electronics,Tablet,10,1064.59,Credit Card
1368,2024-01-14,C4390,28,NorthAm,USA,Food,Chocolate,5,80.64,Cash
1369,2024-09-07,C5341,23,Africa,Nigeria,Furniture,Sofa,7,617.16,Cash
1370,2024-01-23,C5313,46,SouthAm,Argentina,Furniture,Sofa,10,186.3,Credit Card
1371,2024-02-13,C6632,52,SouthAm,Chile,Furniture,Desk,1,1277.12,Cash
1372,2024-10-01,C8779,54,Asia,South Korea,Clothing,Jacket,7,272.78,Credit Card
1373,2024-09-14,C9467,54,Africa,South Africa,Electronics,Headphones,3,1908.31,PayPal
1374,2024-04-18,C4157,26,Europe,Spain,Electronics,Headphones,4,1995.08,PayPal
1375,2024-10-31,C5225,38,Europe,Germany,Food,Cheese,7,59.68,Bank Transfer
1376,2024-09-23,C8506,18,Africa,Egypt,Sports,Yoga Mat,2,349.12,PayPal
1377,2024-10-17,C2641,24,Africa,South Africa,Clothing,Dress,6,265.81,Bank Transfer
1378,2024-07-15,C8955,54,Africa,Nigeria,Electronics,Laptop,5,925.35,Cash
1379,2024-01-20,C7484,39,Asia,Japan,Food,Tea,6,11.82,Bank Transfer
1380,2024-06-08,C5593,49,Europe,France,Furniture,Sofa,8,1183.64,Bank Transfer
1381,2024-05-17,C7828,56,Europe,France,Food,Coffee,7,76.69,Bank Transfer
1382,2024-01-29,C9442,28,Europe,Italy,Sports,Yoga Mat,3,631.0,Credit Card
1383,2024-03-29,C4158,30,Europe,France,Electronics,Headphones,1,1852.46,PayPal
1384,2024-05-20,C7035,47,Africa,Nigeria,Electronics,Smartphone,4,870.44,Cash
1385,2024-03-31,C8775,55,Africa,Nigeria,Clothing,T-Shirt,5,229.71,Credit Card
1386,2024-05-25,C1449,42,Europe,France,Sports,Tennis Racket,4,528.48,PayPal
1387,2024-05-17,C7709,50,Europe,Germany,Food,Coffee,3,64.1,Credit Card
1388,2024-04-24,C5135,56,NorthAm,Mexico,Clothing,Shoes,7,258.44,Cash
1389,2024-05-09,C4575,47,NorthAm,Mexico,Sports,Bicycle Helmet,7,480.06,Credit Card
1390,2024-09-18,C7131,53,Africa,Egypt,Clothing,Jeans,2,154.89,Bank Transfer
1391,2024-05-21,C6327,35,NorthAm,Mexico,Clothing,T-Shirt,3,164.84,PayPal
1392,2024-01-30,C7620,60,NorthAm,Mexico,Furniture,Chair,8,1496.46,Bank Transfer
1393,2024-08-02,C7628,42,Europe,Netherlands,Sports,Tennis Racket,6,589.44,PayPal
1394,2024-12-17,C9759,58,SouthAm,Chile,Clothing,Dress,5,256.72,PayPal
1395,2024-05-30,C2599,48,Asia,India,Sports,Tennis Racket,6,533.91,PayPal
1396,2024-06-30,C4659,65,NorthAm,Canada,Clothing,Jeans,5,183.96,Cash
1397,2024-03-01,C8709,21,Africa,Egypt,Sports,Football,8,714.86,Credit Card
1398,2024-12-14,C7253,51,NorthAm,Canada,Electronics,Laptop,3,1986.23,Bank Transfer
1399,2024-07-28,C8496,27,NorthAm,Mexico,Furniture,Chair,8,565.68,PayPal
1400,2024-06-09,C1950,18,SouthAm,Argentina,Furniture,Table,10,1170.28,Cash
1401,2024-02-15,C3120,57,SouthAm,Chile,Food,Pasta,7,96.88,Cash
1402,2024-01-03,C1618,52,Asia,India,Electronics,Tablet,9,543.04,Credit Card
1403,2024-11-16,C5076,32,NorthAm,Canada,Furniture,Chair,7,804.67,Bank Transfer
1404,2024-03-26,C2069,20,NorthAm,Canada,Food,Cheese,10,57.17,Cash
1405,2024-12-17,C3192,39,SouthAm,Argentina,Furniture,Table,7,126.77,PayPal
1406,2024-03-08,C4460,64,Europe,Netherlands,Sports,Tennis Racket,2,312.28,Credit Card
1407,2024-07-11,C5190,52,Africa,South Africa,Sports,Football,2,533.25,Credit Card
1408,2024-01-25,C2897,44,SouthAm,Argentina,Electronics,Smartwatch,5,1053.91,PayPal
1409,2024-04-15,C1152,37,SouthAm,Chile,Electronics,Smartwatch,5,1321.04,PayPal
1410,2024-08-02,C2718,50,Africa,South Africa,Clothing,Jacket,2,159.37,PayPal
1411,2024-05-14,C9571,30,NorthAm,Mexico,Food,Tea,3,13.55,Cash
1412,2024-04-16,C8875,39,Asia,Japan,Electronics,Smartphone,2,1703.42,Cash
1413,2024-03-17,C2475,50,Europe,Germany,Clothing,T-Shirt,8,296.83,Bank Transfer
1414,2024-05-15,C8606,21,Europe,France,Electronics,Tablet,6,1642.87,Bank Transfer
1415,2024-08-06,C2898,24,Europe,Germany,Furniture,Table,6,600.54,Cash
1416,2024-11-14,C5395,64,Europe,Italy,Clothing,T-Shirt,2,132.22,Cash
1417,2024-05-19,C7319,62,SouthAm,Argentina,Furniture,Chair,3,1074.64,Credit Card
1418,2024-03-22,C2699,44,Africa,Nigeria,Sports,Yoga Mat,3,500.72,Bank Transfer
1419,2024-11-09,C1472,61,Asia,South Korea,Food,Chocolate,7,49.66,Credit Card
1420,2024-05-13,C6148,18,Africa,Egypt,Sports,Bicycle Helmet,4,782.98,Bank Transfer
1421,2024-09-22,C9570,62,Africa,South Africa,Food,Coffee,8,41.12,Cash
1422,2024-03-17,C1894,18,Asia,Thailand,Food,Pasta,3,16.74,Cash
1423,2024-06-13,C4946,39,NorthAm,USA,Sports,Tennis Racket,9,525.35,Cash
1424,2024-04-30,C2291,47,SouthAm,Chile,Food,Chocolate,8,50.24,Credit Card
1425,2024-09-11,C1291,24,SouthAm,Argentina,Electronics,Smartwatch,9,200.31,Credit Card
1426,2024-11-05,C5990,50,Africa,South Africa,Food,Tea,6,84.28,PayPal
1427,2024-08-20,C6439,53,Africa,Egypt,Food,Tea,8,20.26,PayPal
1428,2024-01-02,C6592,40,NorthAm,Mexico,Sports,Basketball,2,65.25,PayPal
1429,2024-09-09,C3301,63,SouthAm,Brazil,Clothing,Dress,4,72.51,Cash
1430,2024-04-20,C8488,30,NorthAm,USA,Food,Chocolate,10,21.09,Cash
1431,2024-08-22,C9260,26,SouthAm,Brazil,Sports,Football,9,750.19,Cash
1432,2024-09-17,C3903,62,Africa,South Africa,Furniture,Chair,7,1020.53,Bank Transfer
1433,2024-09-15,C7302,44,Africa,Egypt,Furniture,Sofa,7,1449.03,Bank Transfer
1434,2024-08-19,C3185,26,SouthAm,Chile,Sports,Basketball,9,692.74,PayPal
1435,2024-04-12,C4435,57,NorthAm,Mexico,Clothing,T-Shirt,3,161.09,Bank Transfer
1436,2024-12-29,C2890,40,Africa,Nigeria,Sports,Bicycle Helmet,7,549.17,Bank Transfer
1437,2024-08-04,C1209,51,Europe,Germany,Food,Coffee,1,70.32,PayPal
1438,2024-05-16,C3636,36,NorthAm,USA,Electronics,Tablet,4,1556.47,Credit Card
1439,2024-07-02,C8415,24,Africa,Egypt,Sports,Tennis Racket,9,329.44,Bank Transfer
1440,2024-12-20,C1769,42,SouthAm,Argentina,Clothing,Dress,1,23.63,Bank Transfer
1441,2024-04-13,C8259,32,NorthAm,Mexico,Sports,Bicycle Helmet,4,627.63,PayPal
1442,2024-05-30,C8353,29,Europe,France,Furniture,Desk,2,628.08,Cash
1443,2024-05-22,C5329,26,Asia,Thailand,Clothing,Jacket,6,150.57,PayPal
1444,2024-01-21,C3518,38,Africa,South Africa,Sports,Basketball,8,638.23,Bank Transfer
1445,2024-02-07,C6207,51,Asia,China,Sports,Football,9,152.72,Cash
1446,2024-02-17,C6724,32,Asia,India,Clothing,Jeans,5,81.16,Cash
1447,2024-10-14,C1144,25,NorthAm,Canada,Furniture,Desk,10,441.36,Credit Card
1448,2024-12-15,C6258,42,Europe,Spain,Clothing,Dress,5,26.92,Bank Transfer
1449,2024-09-20,C9335,46,SouthAm,Brazil,Clothing,T-Shirt,6,163.89,Credit Card
1450,2024-03-26,C9814,52,Europe,Germany,Furniture,Table,7,1269.93,PayPal
1451,2024-10-02,C8130,59,Europe,France,Electronics,Headphones,6,268.2,Credit Card
1452,2024-01-28,C3916,34,Africa,South Africa,Sports,Tennis Racket,5,343.88,Cash
1453,2024-11-18,C7626,45,NorthAm,USA,Food,Chocolate,9,10.53,Credit Card
1454,2024-10-26,C1745,62,Europe,Italy,Sports,Football,5,635.91,Bank Transfer
1455,2024-11-06,C2417,36,SouthAm,Argentina,Food,Chocolate,8,24.07,PayPal
1456,2024-03-10,C7406,52,NorthAm,Mexico,Furniture,Sofa,6,1440.35,Credit Card
1457,2024-10-10,C3316,25,Europe,Germany,Sports,Bicycle Helmet,7,443.61,Credit Card
1458,2024-06-05,C4441,65,NorthAm,USA,Food,Cheese,3,24.49,PayPal
1459,2024-11-11,C5140,30,Europe,France,Sports,Football,9,385.17,Credit Card
1460,2024-05-28,C2103,34,Europe,France,Sports,Yoga Mat,6,305.0,PayPal
1461,2024-02-21,C5671,57,Europe,France,Clothing,Shoes,8,111.94,Bank Transfer
1462,2024-12-21,C3496,54,Africa,Nigeria,Clothing,Shoes,3,21.35,PayPal
1463,2024-04-23,C8145,35,NorthAm,USA,Clothing,Shoes,8,144.7,Bank Transfer
1464,2024-09-06,C2783,29,Africa,South Africa,Clothing,T-Shirt,9,75.0,Credit Card
1465,2024-02-08,C1305,50,Europe,Netherlands,Sports,Yoga Mat,10,193.83,Credit Card
1466,2024-10-09,C5269,52,Africa,Nigeria,Furniture,Sofa,7,412.63,Bank Transfer
1467,2024-03-09,C8613,50,Africa,South Africa,Food,Tea,9,10.95,PayPal
1468,2024-11-10,C3717,50,Asia,South Korea,Furniture,Table,10,1428.2,PayPal
1469,2024-09-04,C6878,20,Asia,South Korea,Furniture,Chair,5,617.21,Credit Card
1470,2024-12-08,C4387,51,NorthAm,Canada,Food,Pasta,1,13.59,Bank Transfer
1471,2024-02-22,C9542,58,NorthAm,Mexico,Clothing,Dress,9,179.64,Cash
1472,2024-11-30,C7201,41,Africa,Egypt,Electronics,Smartwatch,5,877.39,PayPal
1473,2024-09-21,C7649,40,NorthAm,Canada,Food,Cheese,1,55.17,PayPal
1474,2024-08-13,C3713,32,Europe,Netherlands,Clothing,T-Shirt,3,72.33,Bank Transfer
1475,2024-11-04,C2938,60,Asia,South Korea,Clothing,Jacket,8,209.06,Cash
1476,2024-04-17,C3641,59,SouthAm,Brazil,Furniture,Chair,3,902.88,PayPal
1477,2024-03-09,C9399,20,Africa,South Africa,Electronics,Laptop,5,1860.4,Cash
1478,2024-11-02,C1305,64,NorthAm,USA,Furniture,Bookshelf,10,1489.89,Cash
1479,2024-03-28,C4594,44,Africa,South Africa,Sports,Tennis Racket,10,537.93,Bank Transfer
1480,2024-03-26,C6614,47,Africa,Egypt,Electronics,Laptop,7,893.83,Credit Card
1481,2024-01-09,C4315,51,Africa,Egypt,Food,Coffee,10,18.67,Cash
1482,2024-11-10,C1639,52,Africa,South Africa,Electronics,Headphones,3,1823.57,Credit Card
1483,2024-12-13,C8069,51,SouthAm,Argentina,Electronics,Smartwatch,7,613.08,Cash
1484,2024-07-14,C6742,55,Africa,South Africa,Food,Coffee,5,52.94,PayPal
1485,2024-02-12,C5641,56,Africa,Nigeria,Clothing,T-Shirt,1,218.56,Credit Card
1486,2024-10-22,C9561,25,Africa,South Africa,Food,Coffee,6,46.8,Credit Card
1487,2024-03-20,C7980,59,Africa,Nigeria,Clothing,Dress,7,178.11,Bank Transfer
1488,2024-12-14,C7511,31,SouthAm,Chile,Sports,Yoga Mat,3,315.06,Cash
1489,2024-05-09,C6024,54,NorthAm,Mexico,Food,Coffee,2,77.3,Cash
1490,2024-12-24,C3650,24,Asia,Thailand,Food,Tea,9,65.26,Credit Card
1491,2024-03-23,C7375,58,Europe,Germany,Furniture,Bookshelf,10,709.53,Credit Card
1492,2024-05-14,C4633,41,Europe,Netherlands,Electronics,Headphones,7,1305.14,Bank Transfer
1493,2024-12-30,C1941,29,SouthAm,Argentina,Electronics,Laptop,9,714.81,Credit Card
1494,2024-11-02,C9364,51,Asia,Thailand,Furniture,Chair,6,434.96,Credit Card
1495,2024-03-21,C2422,35,SouthAm,Argentina,Food,Pasta,10,28.03,Credit Card
1496,2024-12-26,C2124,23,Africa,Nigeria,Sports,Bicycle Helmet,6,297.56,Bank Transfer
1497,2024-04-25,C4187,47,SouthAm,Chile,Electronics,Tablet,3,932.84,Credit Card
1498,2024-10-13,C2185,50,NorthAm,Canada,Electronics,Smartwatch,5,1777.0,Bank Transfer
1499,2024-12-21,C8254,42,Africa,Nigeria,Furniture,Sofa,8,1054.23,Credit Card
1500,2024-09-03,C2904,34,Europe,Spain,Furniture,Table,6,677.4,Bank Transfer
1501,2024-09-21,C9776,18,NorthAm,USA,Clothing,Jacket,7,208.64,Bank Transfer
1502,2024-02-08,C3924,48,NorthAm,Canada,Furniture,Desk,5,355.9,PayPal
1503,2024-09-12,C4271,33,Asia,India,Furniture,Table,4,1268.92,Bank Transfer
1504,2024-03-20,C2747,25,Europe,Spain,Sports,Football,9,767.65,Cash
1505,2024-07-09,C6167,49,Africa,Nigeria,Food,Coffee,9,35.22,PayPal
1506,2024-10-22,C3101,21,Africa,Nigeria,Food,Cheese,1,55.22,Cash
1507,2024-12-17,C3863,47,Europe,Netherlands,Food,Tea,1,11.06,PayPal
1508,2024-07-13,C2650,38,NorthAm,Mexico,Clothing,T-Shirt,9,93.6,Bank Transfer
1509,2024-08-29,C6621,41,Asia,South Korea,Food,Coffee,7,73.06,Bank Transfer
1510,2024-07-05,C7563,35,SouthAm,Brazil,Sports,Tennis Racket,10,558.23,Credit Card
1511,2024-05-18,C4863,53,SouthAm,Argentina,Furniture,Table,3,762.18,Credit Card
1512,2024-03-31,C7906,49,Asia,Thailand,Sports,Basketball,8,261.03,Credit Card
1513,2024-07-22,C2621,62,Asia,Japan,Furniture,Sofa,8,1274.56,Credit Card
1514,2024-08-18,C6483,34,NorthAm,Canada,Sports,Bicycle Helmet,5,294.99,Cash
1515,2024-03-03,C6752,61,Africa,South Africa,Sports,Bicycle Helmet,9,164.39,Bank Transfer
1516,2024-06-30,C6326,61,Africa,Nigeria,Food,Chocolate,7,65.23,Cash
1517,2024-11-19,C3373,28,NorthAm,Canada,Sports,Bicycle Helmet,7,683.65,Credit Card
1518,2024-02-10,C3654,39,Asia,India,Clothing,Jeans,5,189.51,Cash
1519,2024-05-18,C8289,41,Africa,Egypt,Food,Pasta,3,26.55,Credit Card
1520,2024-03-05,C4844,60,NorthAm,Mexico,Electronics,Laptop,3,914.68,Credit Card
1521,2024-02-02,C8752,53,Europe,Germany,Food,Cheese,2,19.35,PayPal
1522,2024-02-13,C7387,37,Asia,China,Clothing,Shoes,3,56.76,PayPal
1523,2024-01-15,C1575,60,NorthAm,Canada,Food,Pasta,9,94.14,Cash
1524,2024-03-10,C9835,29,Africa,Egypt,Food,Cheese,7,57.11,Bank Transfer
1525,2024-06-26,C8891,52,Asia,Japan,Food,Tea,6,47.1,PayPal
1526,2024-06-04,C1172,18,Africa,South Africa,Clothing,Jeans,8,169.83,Cash
1527,2024-09-01,C5908,18,SouthAm,Argentina,Sports,Tennis Racket,1,452.12,PayPal
1528,2024-07-29,C8161,43,Asia,China,Food,Pasta,4,33.67,Cash
1529,2024-11-16,C4924,51,Africa,Egypt,Clothing,Jeans,9,246.47,Cash
1530,2024-04-06,C2121,29,Asia,India,Electronics,Headphones,10,1014.98,Cash
1531,2024-04-06,C6253,19,Asia,Japan,Sports,Football,3,778.7,Bank Transfer
1532,2024-05-17,C3048,63,SouthAm,Chile,Electronics,Laptop,2,471.23,Cash
1533,2024-04-21,C6601,44,NorthAm,Canada,Clothing,Shoes,1,112.47,PayPal
1534,2024-01-29,C5366,43,Europe,Netherlands,Food,Coffee,4,90.61,Bank Transfer
1535,2024-07-14,C1206,25,Asia,South Korea,Food,Coffee,1,27.93,Credit Card
1536,2024-09-23,C4415,48,SouthAm,Chile,Clothing,Jeans,3,196.17,Credit Card
1537,2024-10-08,C9534,25,NorthAm,Canada,Clothing,T-Shirt,6,268.51,PayPal
1538,2024-02-27,C4866,58,SouthAm,Argentina,Electronics,Laptop,5,1252.45,Cash
1539,2024-05-04,C1146,20,Africa,Egypt,Food,Cheese,3,43.43,Credit Card
1540,2024-05-07,C3583,49,Europe,Netherlands,Clothing,Jacket,1,119.54,PayPal
1541,2024-12-25,C9787,24,Asia,South Korea,Furniture,Sofa,9,1203.99,Bank Transfer
1542,2024-08-12,C4161,19,SouthAm,Argentina,Furniture,Sofa,1,779.42,Cash
1543,2024-10-13,C5828,52,SouthAm,Brazil,Sports,Tennis Racket,9,297.7,Cash
1544,2024-05-20,C3627,22,Africa,South Africa,Food,Tea,5,58.74,Cash
1545,2024-01-01,C9289,42,Asia,Japan,Sports,Basketball,10,213.87,Credit Card
1546,2024-12-03,C9830,42,Asia,Thailand,Food,Cheese,3,65.17,Bank Transfer
1547,2024-07-28,C6276,25,Europe,Netherlands,Electronics,Smartphone,3,521.55,Credit Card
1548,2024-04-13,C2753,49,Asia,Japan,Electronics,Smartwatch,7,1384.26,Bank Transfer
1549,2024-01-26,C7002,32,Africa,Egypt,Electronics,Smartphone,4,1380.35,Credit Card
1550,2024-08-27,C1994,41,Africa,Egypt,Food,Tea,1,84.13,Bank Transfer
1551,2024-09-27,C1666,64,Europe,Italy,Electronics,Laptop,9,374.81,PayPal
1552,2024-09-29,C7313,30,Asia,Thailand,Furniture,Desk,3,881.79,Cash
1553,2024-02-24,C6864,61,SouthAm,Chile,Food,Chocolate,3,81.32,Cash
1554,2024-09-15,C6529,60,Asia,Thailand,Sports,Yoga Mat,6,724.91,Bank Transfer
1555,2024-07-09,C7755,58,SouthAm,Chile,Clothing,Dress,4,177.68,PayPal
1556,2024-07-11,C5162,41,SouthAm,Argentina,Food,Chocolate,1,98.47,Credit Card
1557,2024-09-22,C3213,37,Europe,Italy,Furniture,Table,6,130.38,Bank Transfer
1558,2024-10-10,C9376,53,Africa,Egypt,Furniture,Chair,1,744.52,PayPal
1559,2024-03-11,C5341,41,Africa,South Africa,Furniture,Sofa,5,228.67,Cash
1560,2024-10-18,C4562,64,Europe,Italy,Food,Coffee,8,84.31,Credit Card
1561,2024-10-31,C5921,20,Africa,Nigeria,Electronics,Smartphone,6,826.27,Cash
1562,2024-08-01,C2974,32,Africa,South Africa,Food,Chocolate,5,57.19,Bank Transfer
1563,2024-10-03,C3450,38,Africa,Egypt,Furniture,Table,1,1043.09,Cash
1564,2024-08-16,C9269,23,Asia,South Korea,Clothing,Shoes,3,57.01,Credit Card
1565,2024-08-31,C1807,53,SouthAm,Argentina,Electronics,Headphones,9,982.08,PayPal
1566,2024-03-10,C8879,53,Asia,South Korea,Food,Cheese,4,60.51,PayPal
1567,2024-05-04,C2173,35,SouthAm,Argentina,Sports,Football,2,547.25,Cash
1568,2024-07-06,C6706,30,NorthAm,Canada,Sports,Football,5,160.33,Bank Transfer
1569,2024-11-11,C8245,57,Asia,South Korea,Electronics,Laptop,4,1433.65,PayPal
1570,2024-02-13,C2841,65,Europe,France,Sports,Tennis Racket,5,40.57,Credit Card
1571,2024-06-05,C8373,48,Europe,Italy,Furniture,Desk,4,385.32,Bank Transfer
1572,2024-10-07,C8913,57,Asia,Japan,Food,Cheese,9,13.91,PayPal
1573,2024-01-31,C5653,30,Africa,Nigeria,Electronics,Headphones,1,319.88,Bank Transfer
1574,2024-12-05,C6901,24,Europe,Italy,Food,Coffee,7,55.77,Credit Card
1575,2024-06-10,C8940,56,Africa,South Africa,Furniture,Table,9,1453.51,Credit Card
1576,2024-01-21,C5053,51,NorthAm,Canada,Food,Pasta,3,11.65,Bank Transfer
1577,2024-06-30,C5953,33,Africa,Nigeria,Electronics,Tablet,7,1802.72,Credit Card
1578,2024-10-11,C5590,32,Asia,India,Food,Coffee,2,75.69,PayPal
1579,2024-08-01,C4938,54,Asia,South Korea,Clothing,Dress,6,145.77,PayPal
1580,2024-04-15,C3270,55,Africa,Egypt,Furniture,Table,5,1063.94,PayPal
1581,2024-08-08,C3378,59,Africa,South Africa,Clothing,Jacket,9,169.23,Credit Card
1582,2024-04-04,C6203,27,Europe,Italy,Food,Pasta,5,49.87,Bank Transfer
1583,2024-03-18,C4079,24,Asia,China,Electronics,Smartwatch,10,680.35,PayPal
1584,2024-11-01,C4804,32,Europe,Italy,Electronics,Headphones,3,1104.18,Cash
1585,2024-12-30,C7126,29,SouthAm,Argentina,Food,Coffee,3,27.39,Credit Card
1586,2024-07-28,C1245,35,SouthAm,Brazil,Furniture,Table,2,347.91,Cash
1587,2024-11-11,C9027,62,NorthAm,Canada,Furniture,Bookshelf,7,1186.7,Cash
1588,2024-06-09,C7457,57,Africa,Egypt,Sports,Bicycle Helmet,1,430.9,Cash
1589,2024-08-21,C1694,33,Africa,Egypt,Food,Chocolate,9,44.87,Credit Card
1590,2024-04-07,C5770,46,SouthAm,Argentina,Clothing,Shoes,3,138.29,Credit Card
1591,2024-12-19,C9470,27,SouthAm,Chile,Food,Chocolate,9,20.19,PayPal
1592,2024-07-20,C7775,38,SouthAm,Brazil,Furniture,Bookshelf,10,1355.26,PayPal
1593,2024-08-20,C2477,34,NorthAm,Mexico,Furniture,Chair,2,259.83,Cash
1594,2024-11-20,C6946,23,Africa,Egypt,Food,Cheese,10,95.48,Cash
1595,2024-10-08,C7235,20,Asia,India,Sports,Tennis Racket,3,698.99,PayPal
1596,2024-12-30,C1840,44,NorthAm,Canada,Food,Tea,3,20.58,PayPal
1597,2024-04-13,C1057,57,NorthAm,USA,Food,Pasta,8,58.92,Credit Card
1598,2024-11-07,C9084,33,Asia,Thailand,Food,Pasta,7,49.77,Credit Card
1599,2024-05-05,C9967,35,Africa,Egypt,Sports,Tennis Racket,1,172.33,Credit Card
1600,2024-11-30,C6718,20,Asia,Japan,Sports,Bicycle Helmet,5,284.96,Credit Card
1601,2024-01-26,C2784,44,Asia,China,Clothing,Dress,10,180.24,PayPal
1602,2024-08-21,C6901,20,Europe,Italy,Clothing,Jeans,7,249.67,Cash
1603,2024-10-08,C2063,36,SouthAm,Brazil,Electronics,Tablet,6,1148.69,PayPal
1604,2024-12-22,C4425,57,Europe,Germany,Sports,Bicycle Helmet,2,402.42,Bank Transfer
1605,2024-08-06,C6185,34,Africa,Egypt,Sports,Basketball,3,503.0,Cash
1606,2024-09-23,C9154,49,Asia,Thailand,Furniture,Sofa,4,102.21,Credit Card
1607,2024-08-26,C2932,65,Asia,Thailand,Food,Pasta,1,40.04,PayPal
1608,2024-01-06,C4296,62,NorthAm,Canada,Electronics,Tablet,5,1112.04,Bank Transfer
1609,2024-01-04,C2865,61,NorthAm,Canada,Food,Cheese,10,96.41,PayPal
1610,2024-04-09,C6415,39,SouthAm,Argentina,Electronics,Laptop,8,479.7,Cash
1611,2024-10-01,C6490,47,SouthAm,Chile,Electronics,Smartwatch,5,1216.9,Bank Transfer
1612,2024-10-11,C9779,19,Asia,Thailand,Clothing,Jeans,2,291.49,Bank Transfer
1613,2024-01-16,C6556,42,Africa,South Africa,Sports,Bicycle Helmet,7,174.28,Credit Card
1614,2024-06-06,C6152,63,Europe,Italy,Food,Chocolate,8,88.93,Bank Transfer
1615,2024-08-19,C5958,31,Africa,Nigeria,Furniture,Chair,6,1198.92,PayPal
1616,2024-02-17,C8270,50,Europe,Spain,Sports,Tennis Racket,4,291.89,Cash
1617,2024-09-25,C6084,38,Asia,Japan,Sports,Tennis Racket,4,587.92,Cash
1618,2024-07-17,C9558,25,Europe,Italy,Electronics,Smartwatch,2,799.92,Credit Card
1619,2024-02-22,C9529,60,NorthAm,USA,Sports,Basketball,4,277.08,PayPal
1620,2024-05-26,C5532,52,NorthAm,Canada,Electronics,Tablet,3,483.49,Credit Card
1621,2024-01-08,C9422,24,Asia,Thailand,Clothing,Dress,6,95.89,Bank Transfer
1622,2024-10-20,C5011,28,Europe,Italy,Sports,Basketball,9,371.61,PayPal
1623,2024-01-15,C8712,61,Europe,Germany,Food,Chocolate,2,48.38,PayPal
1624,2024-12-26,C8304,57,NorthAm,Canada,Clothing,T-Shirt,9,41.99,Cash
1625,2024-10-17,C3159,23,SouthAm,Brazil,Food,Tea,8,52.35,PayPal
1626,2024-03-14,C5227,41,SouthAm,Brazil,Clothing,Jeans,8,156.5,Credit Card
1627,2024-08-31,C2849,40,SouthAm,Argentina,Furniture,Sofa,6,946.22,PayPal
1628,2024-09-17,C2686,43,Europe,Italy,Sports,Football,5,440.21,Cash
1629,2024-10-29,C7773,33,Africa,South Africa,Sports,Tennis Racket,8,325.54,Bank Transfer
1630,2024-04-16,C8063,45,Africa,Nigeria,Sports,Tennis Racket,3,540.21,Credit Card
1631,2024-12-30,C8972,25,Africa,Egypt,Food,Tea,9,18.79,Cash
1632,2024-03-31,C6046,43,Europe,Netherlands,Electronics,Smartwatch,7,789.33,Credit Card
1633,2024-02-16,C4565,26,Africa,Egypt,Electronics,Laptop,3,1015.35,Bank Transfer
1634,2024-07-18,C8326,30,Asia,India,Clothing,Dress,5,277.18,Cash
1635,2024-06-25,C2462,55,Europe,Netherlands,Sports,Yoga Mat,3,686.43,Credit Card
1636,2024-07-08,C9992,21,Europe,Netherlands,Clothing,Jacket,5,262.39,PayPal
1637,2024-08-09,C7459,58,NorthAm,Mexico,Food,Pasta,7,49.17,PayPal
1638,2024-12-05,C3841,48,Asia,China,Sports,Yoga Mat,6,676.77,PayPal
1639,2024-05-27,C3056,26,Europe,Germany,Electronics,Laptop,8,1384.27,PayPal
1640,2024-02-13,C3248,59,SouthAm,Argentina,Sports,Yoga Mat,10,168.44,Cash
1641,2024-10-09,C8373,42,NorthAm,USA,Furniture,Bookshelf,10,110.4,Cash
1642,2024-05-01,C9220,35,SouthAm,Chile,Sports,Basketball,1,783.24,Cash
1643,2024-12-26,C7038,25,Africa,Nigeria,Electronics,Laptop,9,1970.44,Bank Transfer
1644,2024-08-26,C9469,23,Africa,Egypt,Electronics,Laptop,8,1335.19,Credit Card
1645,2024-12-16,C9834,55,NorthAm,Mexico,Electronics,Tablet,9,1601.35,Cash
1646,2024-08-20,C9399,48,Africa,Egypt,Clothing,Shoes,6,288.96,Bank Transfer
1647,2024-05-28,C3744,20,Africa,Egypt,Clothing,Dress,5,37.2,Cash
1648,2024-10-23,C3770,54,Europe,Italy,Sports,Football,5,403.27,PayPal
1649,2024-09-15,C2259,35,NorthAm,USA,Sports,Basketball,5,690.55,Credit Card
1650,2024-02-27,C3860,55,Asia,South Korea,Clothing,T-Shirt,5,239.11,PayPal
1651,2024-09-05,C3962,51,Europe,Italy,Electronics,Laptop,10,1881.1,PayPal
1652,2024-09-10,C7765,42,Asia,South Korea,Furniture,Table,10,1128.11,Bank Transfer
1653,2024-01-28,C5331,25,Europe,France,Food,Pasta,8,37.12,PayPal
1654,2024-07-13,C7390,48,NorthAm,USA,Sports,Yoga Mat,1,252.37,Cash
1655,2024-07-14,C6172,51,Europe,Germany,Sports,Basketball,7,500.07,Bank Transfer
1656,2024-06-20,C5429,35,Europe,Italy,Sports,Yoga Mat,8,625.33,PayPal
1657,2024-12-10,C4193,51,NorthAm,Mexico,Furniture,Sofa,9,114.81,Credit Card
1658,2024-02-04,C1195,44,Europe,Netherlands,Electronics,Headphones,6,594.95,Bank Transfer
1659,2024-05-08,C4163,20,Europe,Netherlands,Electronics,Smartphone,10,1381.89,PayPal
1660,2024-11-02,C2995,63,Europe,Germany,Sports,Tennis Racket,7,535.42,PayPal
1661,2024-02-26,C4018,34,NorthAm,Canada,Electronics,Headphones,5,1584.85,Bank Transfer
1662,2024-05-11,C3653,22,NorthAm,USA,Food,Pasta,6,99.64,Bank Transfer
1663,2024-05-15,C3915,46,Europe,Spain,Furniture,Desk,7,349.82,Cash
1664,2024-02-25,C3357,52,SouthAm,Brazil,Sports,Football,8,580.86,Credit Card
1665,2024-01-18,C2194,22,Africa,Egypt,Clothing,Shoes,1,271.02,PayPal
1666,2024-11-30,C1014,20,SouthAm,Argentina,Furniture,Sofa,7,904.5,Cash
1667,2024-09-01,C8144,43,Europe,Netherlands,Furniture,Chair,7,1435.82,Cash
1668,2024-03-03,C9770,40,NorthAm,Mexico,Clothing,Shoes,1,197.04,Credit Card
1669,2024-07-06,C9759,39,Europe,Spain,Clothing,T-Shirt,3,175.25,Cash
1670,2024-12-04,C4129,37,SouthAm,Brazil,Clothing,Shoes,2,267.86,Cash
1671,2024-04-07,C3292,20,Asia,Japan,Sports,Tennis Racket,8,329.35,Bank Transfer
1672,2024-09-12,C9748,46,Europe,Germany,Clothing,Jacket,6,240.58,Credit Card
1673,2024-07-26,C2936,31,Africa,Nigeria,Sports,Tennis Racket,10,209.4,Credit Card
1674,2024-01-19,C3319,49,Europe,Spain,Sports,Football,4,570.0,PayPal
1675,2024-01-08,C3822,58,Europe,Italy,Electronics,Headphones,10,507.24,Credit Card
1676,2024-02-24,C2870,49,Africa,Egypt,Furniture,Chair,4,696.7,Cash
1677,2024-06-15,C2979,61,Africa,Egypt,Furniture,Sofa,4,1169.92,PayPal
1678,2024-06-20,C2035,25,NorthAm,USA,Food,Coffee,6,59.81,Cash
1679,2024-05-04,C1666,26,Europe,Netherlands,Food,Coffee,1,89.17,Credit Card
1680,2024-01-04,C1118,29,Europe,Netherlands,Clothing,Shoes,8,213.86,PayPal
1681,2024-03-14,C5439,51,SouthAm,Argentina,Furniture,Table,10,1068.34,PayPal
1682,2024-09-12,C2442,58,NorthAm,Canada,Food,Chocolate,9,31.21,Credit Card
1683,2024-09-28,C2567,57,NorthAm,Mexico,Sports,Tennis Racket,8,623.16,PayPal
1684,2024-05-21,C1869,30,Europe,France,Food,Pasta,3,24.38,Credit Card
1685,2024-01-28,C6966,36,Asia,South Korea,Clothing,Jeans,10,245.44,Cash
1686,2024-01-23,C2710,65,Europe,Netherlands,Furniture,Table,1,779.09,Credit Card
1687,2024-02-06,C4855,64,SouthAm,Chile,Sports,Basketball,7,183.04,Bank Transfer
1688,2024-04-27,C2804,38,Asia,Japan,Furniture,Bookshelf,4,625.75,PayPal
1689,2024-02-07,C8716,55,SouthAm,Brazil,Food,Coffee,4,93.51,Cash
1690,2024-04-01,C7346,41,Asia,South Korea,Furniture,Sofa,5,383.1,PayPal
1691,2024-01-17,C1977,35,Asia,Japan,Food,Pasta,7,25.41,Bank Transfer
1692,2024-04-22,C5835,56,Asia,Thailand,Furniture,Desk,9,1297.01,Credit Card
1693,2024-07-29,C9548,49,Asia,Thailand,Food,Pasta,5,11.31,Cash
1694,2024-05-06,C5060,38,SouthAm,Chile,Furniture,Desk,3,1379.26,Credit Card
1695,2024-08-01,C1724,20,SouthAm,Chile,Sports,Football,7,438.96,Cash
1696,2024-12-22,C2605,46,SouthAm,Brazil,Electronics,Smartwatch,1,1447.69,Cash
1697,2024-04-21,C3174,40,NorthAm,USA,Electronics,Smartphone,8,1404.26,PayPal
1698,2024-12-26,C8524,54,Africa,South Africa,Food,Pasta,3,88.68,Cash
1699,2024-04-04,C7068,58,SouthAm,Chile,Electronics,Smartphone,7,1808.18,Bank Transfer
1700,2024-09-28,C1535,36,SouthAm,Argentina,Sports,Bicycle Helmet,10,641.75,Credit Card
1701,2024-11-13,C6500,65,Europe,Netherlands,Clothing,Jacket,2,127.23,Cash
1702,2024-11-12,C1669,41,NorthAm,USA,Sports,Football,9,576.19,PayPal
1703,2024-03-11,C6487,33,Africa,South Africa,Food,Cheese,4,77.79,PayPal
1704,2024-06-13,C6778,35,Africa,Egypt,Food,Tea,1,15.7,Bank Transfer
1705,2024-08-19,C8966,50,Africa,South Africa,Food,Cheese,9,90.95,Cash
1706,2024-11-13,C7031,61,Europe,France,Food,Chocolate,2,45.16,PayPal
1707,2024-05-27,C2260,24,Asia,India,Electronics,Laptop,8,470.9,PayPal
1708,2024-09-23,C1371,36,SouthAm,Chile,Sports,Tennis Racket,8,296.96,Cash
1709,2024-11-26,C1351,36,Asia,Japan,Electronics,Laptop,9,1360.41,Cash
1710,2024-10-23,C6616,59,NorthAm,Canada,Sports,Bicycle Helmet,9,372.85,Bank Transfer
1711,2024-10-17,C3161,37,Asia,India,Furniture,Bookshelf,6,1459.01,Credit Card
1712,2024-03-16,C6785,36,SouthAm,Brazil,Sports,Tennis Racket,9,249.64,PayPal
1713,2024-12-28,C3514,28,Asia,Japan,Electronics,Tablet,10,427.65,Bank Transfer
1714,2024-07-08,C4022,31,Africa,Egypt,Electronics,Tablet,6,466.3,Cash
1715,2024-10-03,C3663,52,NorthAm,USA,Electronics,Headphones,8,1583.33,Cash
1716,2024-06-12,C3556,18,Africa,Egypt,Clothing,Jeans,8,270.87,PayPal
1717,2024-10-16,C8243,39,Europe,Spain,Electronics,Laptop,9,410.38,Credit Card
1718,2024-07-24,C4610,46,NorthAm,USA,Clothing,Jacket,10,199.57,PayPal
1719,2024-05-22,C4206,19,Europe,Netherlands,Food,Chocolate,9,45.5,Cash
1720,2024-06-11,C9381,21,NorthAm,Canada,Furniture,Bookshelf,6,640.56,Credit Card
1721,2024-05-25,C6651,40,NorthAm,Canada,Sports,Football,4,590.45,Cash
1722,2024-07-31,C8249,36,Asia,South Korea,Food,Coffee,10,63.81,PayPal
1723,2024-04-16,C5968,48,Africa,Nigeria,Electronics,Smartwatch,7,359.21,Cash
1724,2024-11-23,C5478,44,Asia,Thailand,Food,Cheese,3,27.93,Cash
1725,2024-05-28,C9037,20,NorthAm,Mexico,Clothing,Shoes,9,227.16,PayPal
1726,2024-01-14,C1040,27,NorthAm,Canada,Food,Chocolate,5,47.54,Cash
1727,2024-12-18,C5009,19,Europe,Italy,Food,Chocolate,10,77.1,Cash
1728,2024-10-16,C8144,34,SouthAm,Chile,Electronics,Tablet,9,1519.32,Credit Card
1729,2024-05-12,C3668,55,Europe,France,Clothing,Shoes,3,120.07,Credit Card
1730,2024-05-19,C6917,44,NorthAm,USA,Clothing,Jeans,9,198.91,Credit Card
1731,2024-09-20,C4175,58,Asia,Japan,Sports,Tennis Racket,9,278.41,Bank Transfer
1732,2024-12-16,C5932,35,NorthAm,USA,Sports,Bicycle Helmet,6,663.95,Credit Card
1733,2024-03-11,C9489,36,NorthAm,Canada,Food,Tea,3,19.22,PayPal
1734,2024-09-14,C4622,30,Africa,Egypt,Sports,Bicycle Helmet,9,570.74,Credit Card
1735,2024-08-01,C8544,22,Europe,France,Electronics,Headphones,6,760.83,Bank Transfer
1736,2024-03-12,C8240,56,Africa,Nigeria,Furniture,Sofa,1,1142.24,Credit Card
1737,2024-04-23,C3108,62,Asia,China,Clothing,T-Shirt,4,56.46,Credit Card
1738,2024-08-05,C2830,22,Europe,Spain,Food,Chocolate,4,19.7,Credit Card
1739,2024-08-28,C2948,34,Europe,Germany,Clothing,Jacket,2,239.06,PayPal
1740,2024-10-27,C4277,29,NorthAm,USA,Electronics,Laptop,5,1907.82,Bank Transfer
1741,2024-06-29,C3630,50,Africa,South Africa,Sports,Bicycle Helmet,2,106.31,Credit Card
1742,2024-09-27,C4555,63,Asia,India,Furniture,Desk,1,1463.01,Credit Card
1743,2024-04-19,C9260,63,SouthAm,Argentina,Sports,Tennis Racket,8,548.61,Credit Card
1744,2024-04-02,C6813,42,SouthAm,Brazil,Sports,Tennis Racket,7,116.89,Bank Transfer
1745,2024-03-04,C8633,25,Africa,South Africa,Food,Tea,5,60.14,Credit Card
1746,2024-02-12,C6375,49,Europe,Spain,Clothing,Shoes,10,226.13,Cash
1747,2024-04-25,C7672,36,SouthAm,Brazil,Electronics,Headphones,6,522.74,Cash
1748,2024-12-10,C2723,43,SouthAm,Chile,Electronics,Smartphone,3,910.66,Credit Card
1749,2024-03-27,C2060,41,Asia,India,Furniture,Desk,7,271.87,Cash
1750,2024-09-12,C5563,63,Africa,Egypt,Clothing,Shoes,6,153.23,Cash
1751,2024-09-05,C9379,35,Asia,South Korea,Electronics,Smartphone,5,1080.81,PayPal
1752,2024-11-17,C3205,19,Europe,Germany,Electronics,Headphones,1,1949.73,Cash
1753,2024-11-05,C6356,27,NorthAm,Mexico,Sports,Football,2,539.03,Cash
1754,2024-08-26,C4308,36,SouthAm,Argentina,Sports,Basketball,9,294.58,Credit Card
1755,2024-01-17,C8051,25,SouthAm,Argentina,Clothing,Shoes,8,148.7,Credit Card
1756,2024-03-31,C5965,63,Asia,South Korea,Food,Coffee,5,74.42,Cash
1757,2024-02-26,C9037,60,Africa,Egypt,Sports,Bicycle Helmet,8,396.45,PayPal
1758,2024-09-16,C1913,43,NorthAm,Canada,Sports,Yoga Mat,10,550.9,Bank Transfer
1759,2024-06-13,C2006,19,Africa,South Africa,Furniture,Sofa,6,1233.37,Credit Card
1760,2024-11-16,C6591,42,Europe,Spain,Clothing,Jeans,7,118.36,PayPal
1761,2024-05-06,C4844,59,NorthAm,Mexico,Electronics,Smartphone,5,406.05,PayPal
1762,2024-01-11,C9821,38,Europe,Spain,Food,Cheese,9,91.13,Bank Transfer
1763,2024-01-11,C8695,55,Europe,Italy,Food,Cheese,7,39.02,Credit Card
1764,2024-09-07,C2639,62,Asia,India,Food,Cheese,6,25.0,Bank Transfer
1765,2024-07-05,C8143,30,SouthAm,Chile,Electronics,Smartwatch,4,717.24,Credit Card
1766,2024-06-01,C7586,32,Africa,Egypt,Electronics,Smartwatch,2,1265.36,Bank Transfer
1767,2024-02-04,C9700,48,SouthAm,Brazil,Clothing,Jacket,5,161.3,Bank Transfer
1768,2024-08-09,C9846,38,Asia,South Korea,Food,Tea,10,56.38,PayPal
1769,2024-01-10,C9457,29,Africa,Nigeria,Furniture,Bookshelf,5,1412.03,Cash
1770,2024-10-16,C1981,51,Asia,India,Food,Coffee,4,23.54,Bank Transfer
1771,2024-08-10,C7721,38,Europe,France,Food,Tea,5,68.14,Bank Transfer
1772,2024-12-17,C4868,43,Asia,Japan,Furniture,Table,1,443.82,Bank Transfer
1773,2024-08-25,C8952,53,SouthAm,Argentina,Electronics,Laptop,3,690.88,Credit Card
1774,2024-05-12,C5551,60,Africa,South Africa,Electronics,Headphones,1,299.59,Credit Card
1775,2024-06-09,C5882,22,SouthAm,Argentina,Electronics,Headphones,3,624.87,Credit Card
1776,2024-09-24,C9605,34,SouthAm,Brazil,Furniture,Desk,2,1182.47,Bank Transfer
1777,2024-06-17,C7388,65,Asia,South Korea,Furniture,Table,2,345.22,Bank Transfer
1778,2024-08-13,C7690,34,Africa,South Africa,Food,Cheese,6,72.97,Credit Card
1779,2024-06-11,C9941,45,SouthAm,Chile,Furniture,Sofa,3,608.2,Bank Transfer
1780,2024-06-06,C1345,59,Africa,South Africa,Electronics,Laptop,5,1194.91,Bank Transfer
1781,2024-11-23,C6945,61,Europe,Netherlands,Furniture,Bookshelf,7,111.01,Cash
1782,2024-05-10,C5929,23,Asia,India,Furniture,Table,8,983.89,Cash
1783,2024-01-18,C5489,23,SouthAm,Argentina,Food,Tea,7,88.91,Credit Card
1784,2024-03-23,C5275,50,Europe,Italy,Food,Cheese,9,76.4,Cash
1785,2024-12-21,C1448,21,Asia,South Korea,Furniture,Chair,7,380.11,Bank Transfer
1786,2024-06-09,C2347,25,Asia,China,Sports,Tennis Racket,10,558.03,Bank Transfer
1787,2024-08-19,C8837,65,Asia,India,Furniture,Desk,6,1219.34,PayPal
1788,2024-02-13,C7791,41,Asia,South Korea,Food,Cheese,4,11.87,Credit Card
1789,2024-10-12,C4747,23,SouthAm,Brazil,Clothing,T-Shirt,1,132.29,Cash
1790,2024-11-03,C5262,27,Europe,Italy,Furniture,Desk,2,119.76,Cash
1791,2024-08-20,C9096,25,Asia,China,Furniture,Sofa,5,1145.02,Cash
1792,2024-03-07,C8066,31,Africa,South Africa,Clothing,T-Shirt,7,70.5,PayPal
1793,2024-01-15,C5754,34,Asia,Thailand,Food,Coffee,6,62.46,Cash
1794,2024-02-13,C1169,48,Asia,India,Food,Coffee,7,73.76,Bank Transfer
1795,2024-02-07,C2561,53,Europe,Germany,Clothing,T-Shirt,8,274.3,Credit Card
1796,2024-01-03,C5155,50,Africa,Nigeria,Clothing,Shoes,6,57.03,Credit Card
1797,2024-10-24,C3938,34,Asia,Thailand,Food,Tea,8,21.87,Bank Transfer
1798,2024-12-29,C9690,45,Asia,India,Electronics,Tablet,1,1961.33,Cash
1799,2024-05-23,C6907,45,NorthAm,Canada,Sports,Basketball,9,271.02,PayPal
1800,2024-06-10,C9049,27,Africa,Egypt,Food,Chocolate,4,23.38,PayPal
1801,2024-04-03,C1587,48,NorthAm,USA,Food,Pasta,2,99.57,Cash
1802,2024-01-21,C8233,40,Africa,Nigeria,Food,Pasta,2,86.13,PayPal
1803,2024-03-04,C6727,23,Asia,India,Furniture,Table,9,1251.6,PayPal
1804,2024-10-25,C1067,51,Africa,South Africa,Food,Chocolate,4,79.14,Credit Card
1805,2024-06-17,C1425,36,Europe,Spain,Clothing,Dress,2,254.35,PayPal
1806,2024-01-15,C2328,47,SouthAm,Argentina,Clothing,Dress,1,112.24,Credit Card
1807,2024-12-01,C8423,38,Africa,South Africa,Furniture,Chair,5,552.44,Credit Card
1808,2024-02-06,C9964,56,SouthAm,Brazil,Food,Tea,3,31.61,Cash
1809,2024-02-15,C1336,31,Asia,South Korea,Food,Tea,3,20.85,Cash
1810,2024-08-09,C6080,61,Africa,South Africa,Clothing,Jacket,6,163.54,Cash
1811,2024-08-16,C7358,48,NorthAm,Mexico,Sports,Yoga Mat,2,612.5,Bank Transfer
1812,2024-11-10,C4053,45,SouthAm,Brazil,Electronics,Smartwatch,6,1951.89,PayPal
1813,2024-11-27,C3540,49,Africa,Egypt,Sports,Football,5,390.53,Credit Card
1814,2024-09-01,C5921,27,Asia,India,Furniture,Desk,7,513.67,Credit Card
1815,2024-10-09,C2253,20,Africa,South Africa,Sports,Yoga Mat,7,102.75,Bank Transfer
1816,2024-06-30,C5175,55,Europe,Netherlands,Electronics,Smartphone,8,523.19,PayPal
1817,2024-07-20,C1741,23,SouthAm,Chile,Clothing,Jeans,10,222.75,Cash
1818,2024-11-15,C5342,39,Asia,China,Furniture,Chair,10,463.04,Credit Card
1819,2024-08-10,C9755,19,Europe,Spain,Electronics,Smartphone,3,1380.44,Cash
1820,2024-12-20,C7637,60,Africa,Egypt,Food,Tea,10,83.18,Bank Transfer
1821,2024-12-19,C7471,37,Europe,France,Furniture,Chair,4,256.68,Credit Card
1822,2024-12-22,C4083,19,Asia,South Korea,Furniture,Table,7,1278.93,PayPal
1823,2024-02-14,C5930,47,Asia,South Korea,Food,Chocolate,2,24.95,PayPal
1824,2024-12-25,C8295,49,SouthAm,Brazil,Food,Cheese,4,28.12,Cash
1825,2024-01-27,C6469,18,Europe,Spain,Food,Pasta,10,63.63,Bank Transfer
1826,2024-01-19,C8987,43,SouthAm,Chile,Sports,Bicycle Helmet,8,208.57,Credit Card
1827,2024-09-27,C1311,45,Africa,Nigeria,Sports,Football,5,717.52,Cash
1828,2024-08-30,C2915,49,Africa,Egypt,Clothing,Shoes,7,25.83,Bank Transfer
1829,2024-04-08,C8688,40,SouthAm,Brazil,Sports,Tennis Racket,10,729.98,Bank Transfer
1830,2024-11-04,C8675,26,NorthAm,Mexico,Food,Pasta,6,81.64,PayPal
1831,2024-11-14,C4394,36,Europe,Spain,Furniture,Table,4,318.84,Cash
1832,2024-02-21,C7815,49,NorthAm,USA,Furniture,Desk,1,1498.97,Bank Transfer
1833,2024-05-13,C6849,61,Asia,China,Sports,Football,2,290.06,Credit Card
1834,2024-11-12,C4714,25,Africa,South Africa,Food,Tea,6,80.64,Credit Card
1835,2024-10-12,C5382,27,Africa,Egypt,Electronics,Smartphone,8,1638.18,Credit Card
1836,2024-02-24,C2669,53,Europe,Netherlands,Electronics,Laptop,2,1767.57,Bank Transfer
1837,2024-03-21,C5786,63,SouthAm,Chile,Food,Chocolate,3,68.24,Bank Transfer
1838,2024-03-11,C3014,30,SouthAm,Argentina,Electronics,Laptop,8,814.38,PayPal
1839,2024-02-13,C5358,41,SouthAm,Argentina,Furniture,Table,9,690.41,PayPal
1840,2024-03-11,C8025,44,SouthAm,Argentina,Sports,Basketball,1,370.79,Credit Card
1841,2024-09-21,C2140,23,NorthAm,Canada,Food,Coffee,7,15.53,Credit Card
1842,2024-12-04,C3473,54,Europe,Netherlands,Clothing,Shoes,7,268.02,Bank Transfer
1843,2024-06-09,C6638,18,NorthAm,Mexico,Sports,Tennis Racket,7,373.57,PayPal
1844,2024-10-05,C8244,62,NorthAm,Mexico,Food,Coffee,5,17.59,Bank Transfer
1845,2024-07-18,C3064,51,Africa,Nigeria,Furniture,Chair,9,872.5,Bank Transfer
1846,2024-11-21,C3621,19,Europe,Netherlands,Sports,Basketball,4,670.82,Bank Transfer
1847,2024-08-04,C9278,25,Europe,Italy,Clothing,Dress,6,54.67,Credit Card
1848,2024-08-17,C5881,54,Europe,Spain,Clothing,T-Shirt,10,178.37,PayPal
1849,2024-06-28,C5902,36,Africa,Egypt,Furniture,Bookshelf,9,1132.52,Credit Card
1850,2024-06-16,C9461,55,Asia,India,Food,Chocolate,3,74.05,Cash
1851,2024-02-11,C2511,21,SouthAm,Brazil,Food,Coffee,8,17.03,Cash
1852,2024-10-28,C9502,43,NorthAm,Mexico,Food,Pasta,8,72.01,Cash
1853,2024-08-01,C3668,27,Africa,South Africa,Food,Pasta,3,97.12,Credit Card
1854,2024-12-21,C4483,47,SouthAm,Brazil,Furniture,Desk,6,1390.38,Credit Card
1855,2024-11-04,C7694,25,Europe,Italy,Sports,Basketball,1,432.54,Credit Card
1856,2024-07-09,C5995,41,NorthAm,Canada,Food,Chocolate,3,22.79,Cash
1857,2024-01-25,C5999,36,Asia,China,Food,Chocolate,2,59.28,Credit Card
1858,2024-01-23,C7841,48,Africa,Nigeria,Sports,Yoga Mat,6,631.64,Cash
1859,2024-11-06,C3175,26,Africa,Egypt,Food,Pasta,8,23.41,Bank Transfer
1860,2024-02-15,C7711,42,Asia,South Korea,Clothing,Dress,1,288.26,Cash
1861,2024-05-22,C2450,28,Europe,Netherlands,Clothing,Dress,2,200.3,Credit Card
1862,2024-04-08,C9877,54,Europe,Netherlands,Sports,Tennis Racket,8,417.03,Credit Card
1863,2024-03-02,C9713,29,Europe,Italy,Furniture,Table,10,721.92,Bank Transfer
1864,2024-07-24,C1737,49,Europe,Italy,Food,Coffee,7,12.17,Bank Transfer
1865,2024-07-14,C5213,23,Europe,Germany,Sports,Tennis Racket,5,140.91,Bank Transfer
1866,2024-02-15,C3526,37,SouthAm,Chile,Furniture,Chair,10,1445.57,PayPal
1867,2024-01-14,C1958,37,SouthAm,Brazil,Clothing,T-Shirt,7,270.04,Bank Transfer
1868,2024-07-11,C2981,21,Asia,China,Sports,Bicycle Helmet,4,409.59,Cash
1869,2024-02-28,C5412,21,NorthAm,Canada,Sports,Yoga Mat,2,402.81,Cash
1870,2024-11-20,C4829,19,NorthAm,Mexico,Sports,Football,4,617.49,PayPal
1871,2024-06-04,C7664,46,Europe,Netherlands,Furniture,Table,6,856.62,PayPal
1872,2024-05-05,C9806,45,Africa,Nigeria,Electronics,Smartphone,8,1930.01,Bank Transfer
1873,2024-11-30,C3742,18,Europe,Spain,Clothing,Dress,5,255.06,Cash
1874,2024-06-28,C4485,55,Africa,Nigeria,Electronics,Laptop,9,1213.55,Bank Transfer
1875,2024-02-15,C7476,62,Europe,France,Sports,Basketball,7,192.35,Bank Transfer
1876,2024-12-15,C6613,58,NorthAm,Mexico,Food,Tea,4,69.6,Bank Transfer
1877,2024-06-23,C4450,47,Africa,Nigeria,Electronics,Laptop,1,1295.82,Credit Card
1878,2024-01-05,C3843,44,Africa,Egypt,Food,Pasta,9,17.3,Credit Card
1879,2024-10-02,C1507,60,SouthAm,Chile,Electronics,Tablet,7,1689.44,Bank Transfer
1880,2024-07-17,C3903,62,Europe,Germany,Food,Tea,4,50.01,PayPal
1881,2024-01-11,C5606,61,NorthAm,USA,Electronics,Smartwatch,5,1655.15,PayPal
1882,2024-04-29,C9090,41,Europe,Italy,Food,Cheese,4,10.64,Cash
1883,2024-02-26,C5544,54,Africa,Nigeria,Furniture,Desk,4,1023.77,PayPal
1884,2024-02-03,C3101,65,Europe,France,Clothing,Dress,4,266.68,Bank Transfer
1885,2024-04-08,C1378,62,Africa,Egypt,Clothing,Dress,8,20.55,Cash
1886,2024-11-24,C1849,38,SouthAm,Argentina,Clothing,Jacket,9,150.64,Bank Transfer
1887,2024-09-21,C1712,64,Asia,Japan,Clothing,Shoes,9,145.68,Credit Card
1888,2024-07-19,C4188,39,Europe,Netherlands,Electronics,Laptop,7,1924.0,PayPal
1889,2024-04-10,C3694,39,NorthAm,USA,Electronics,Smartphone,8,977.51,Credit Card
1890,2024-10-30,C6477,34,Asia,Japan,Food,Coffee,6,84.93,Bank Transfer
1891,2024-09-23,C4878,22,Africa,Egypt,Food,Chocolate,8,62.1,Credit Card
1892,2024-02-01,C1546,42,NorthAm,Mexico,Electronics,Laptop,1,1854.41,Cash
1893,2024-01-29,C5939,57,SouthAm,Brazil,Electronics,Smartphone,9,293.97,Cash
1894,2024-07-24,C2570,57,SouthAm,Brazil,Sports,Bicycle Helmet,1,379.13,Cash
1895,2024-08-07,C2659,39,Europe,Spain,Sports,Basketball,10,178.21,Credit Card
1896,2024-01-07,C2106,55,Asia,Thailand,Furniture,Desk,5,597.55,Cash
1897,2024-11-13,C8284,29,Asia,China,Electronics,Smartphone,3,761.0,Cash
1898,2024-09-19,C6861,37,Africa,Egypt,Furniture,Table,8,532.14,Bank Transfer
1899,2024-05-29,C7042,18,Africa,Egypt,Furniture,Chair,4,809.95,Credit Card
1900,2024-08-04,C6633,30,Asia,China,Electronics,Tablet,4,1402.15,Cash
1901,2024-11-03,C6425,55,Africa,Nigeria,Sports,Basketball,7,283.04,Credit Card
1902,2024-08-20,C1691,49,Asia,Japan,Furniture,Table,8,973.49,PayPal
1903,2024-09-03,C6431,65,SouthAm,Brazil,Food,Coffee,1,42.65,Credit Card
1904,2024-07-02,C1491,53,Europe,France,Clothing,Shoes,4,196.77,Bank Transfer
1905,2024-01-23,C1486,30,Asia,India,Furniture,Table,5,1106.37,Bank Transfer
1906,2024-10-10,C5029,29,Asia,Japan,Furniture,Sofa,2,129.39,PayPal
1907,2024-07-13,C2818,39,Asia,India,Food,Coffee,6,82.85,PayPal
1908,2024-09-26,C8106,63,Europe,Germany,Furniture,Table,4,368.35,Cash
1909,2024-12-21,C7131,38,Africa,Nigeria,Furniture,Chair,10,922.26,Bank Transfer
1910,2024-03-17,C6368,33,Europe,Italy,Furniture,Desk,10,1340.17,PayPal
1911,2024-02-11,C8711,60,Africa,South Africa,Furniture,Desk,7,1151.83,Bank Transfer
1912,2024-09-12,C9501,47,Asia,India,Clothing,Dress,8,220.38,Cash
1913,2024-08-30,C5396,55,SouthAm,Chile,Sports,Football,4,199.04,PayPal
1914,2024-08-19,C4840,43,Asia,India,Food,Pasta,10,24.15,Bank Transfer
1915,2024-05-10,C2388,26,Europe,Italy,Food,Cheese,6,30.72,Credit Card
1916,2024-08-26,C9392,57,NorthAm,Canada,Food,Pasta,7,46.81,Cash
1917,2024-06-11,C5473,42,Europe,France,Food,Coffee,5,68.08,Bank Transfer
1918,2024-02-12,C5825,50,Africa,Egypt,Electronics,Tablet,4,377.14,Credit Card
1919,2024-07-03,C1627,52,Asia,India,Furniture,Sofa,5,523.8,Bank Transfer
1920,2024-04-07,C3258,63,Africa,Nigeria,Electronics,Tablet,5,1680.16,Cash
1921,2024-07-26,C1194,48,Africa,South Africa,Food,Coffee,4,75.1,PayPal
1922,2024-08-30,C4829,51,Africa,Egypt,Food,Pasta,6,81.27,Bank Transfer
1923,2024-04-06,C8025,62,SouthAm,Brazil,Food,Pasta,9,12.71,PayPal
1924,2024-10-22,C3102,37,Europe,Spain,Clothing,Jeans,4,137.36,Cash
1925,2024-12-19,C9808,37,NorthAm,Mexico,Electronics,Smartwatch,1,1859.86,PayPal
1926,2024-06-18,C7404,42,Asia,South Korea,Electronics,Smartwatch,7,539.01,Credit Card
1927,2024-06-17,C8397,58,NorthAm,USA,Furniture,Chair,9,348.69,Cash
1928,2024-01-14,C4058,30,Europe,Spain,Clothing,T-Shirt,4,101.51,Credit Card
1929,2024-08-20,C1941,41,Africa,South Africa,Furniture,Sofa,7,647.55,Credit Card
1930,2024-03-07,C9789,44,SouthAm,Chile,Electronics,Headphones,4,433.88,PayPal
1931,2024-06-07,C8081,63,SouthAm,Brazil,Sports,Bicycle Helmet,5,482.37,Cash
1932,2024-05-21,C4304,18,Asia,South Korea,Electronics,Headphones,10,1653.62,Bank Transfer
1933,2024-10-18,C9043,47,SouthAm,Chile,Electronics,Smartphone,5,1363.34,Cash
1934,2024-06-26,C5873,43,Africa,South Africa,Food,Coffee,3,91.0,Cash
1935,2024-08-22,C7302,60,Asia,Thailand,Electronics,Headphones,1,631.45,PayPal
1936,2024-05-20,C9810,36,Europe,France,Food,Pasta,9,20.91,Bank Transfer
1937,2024-02-09,C2723,50,NorthAm,Canada,Food,Coffee,5,28.66,Credit Card
1938,2024-08-24,C1437,22,SouthAm,Argentina,Clothing,Shoes,4,131.07,Credit Card
1939,2024-05-08,C2878,63,Asia,India,Food,Pasta,8,16.14,PayPal
1940,2024-08-12,C3297,48,NorthAm,USA,Furniture,Chair,10,240.72,Bank Transfer
1941,2024-03-04,C9759,65,SouthAm,Brazil,Electronics,Smartphone,5,476.29,Bank Transfer
1942,2024-04-01,C4549,63,Europe,Netherlands,Furniture,Bookshelf,1,1271.1,Credit Card
1943,2024-07-18,C6051,46,Europe,Netherlands,Electronics,Smartphone,7,1580.81,PayPal
1944,2024-07-10,C4908,30,Europe,Germany,Food,Chocolate,1,40.34,PayPal
1945,2024-12-14,C2035,32,Europe,France,Furniture,Chair,7,817.5,Bank Transfer
1946,2024-06-14,C4105,57,Asia,Thailand,Food,Pasta,2,30.92,Credit Card
1947,2024-07-01,C6298,29,Europe,Spain,Clothing,Jacket,7,79.58,PayPal
1948,2024-02-03,C5562,59,Africa,Nigeria,Electronics,Smartphone,4,939.97,Cash
1949,2024-02-22,C9784,54,Asia,India,Electronics,Smartwatch,6,1966.55,Cash
1950,2024-12-13,C3177,39,Asia,India,Food,Chocolate,6,11.59,Cash
1951,2024-07-14,C9372,58,Asia,Thailand,Sports,Football,4,46.33,Credit Card
1952,2024-06-07,C4873,65,SouthAm,Brazil,Sports,Football,1,135.92,Cash
1953,2024-05-31,C4309,27,SouthAm,Brazil,Electronics,Laptop,10,1979.39,Cash
1954,2024-06-17,C3199,35,NorthAm,Mexico,Electronics,Smartwatch,7,1366.48,Bank Transfer
1955,2024-01-13,C4752,64,NorthAm,Canada,Furniture,Table,9,175.7,PayPal
1956,2024-12-17,C4644,56,SouthAm,Chile,Clothing,T-Shirt,8,196.34,Credit Card
1957,2024-09-08,C2146,30,Europe,France,Furniture,Table,2,343.15,PayPal
1958,2024-04-30,C9313,23,SouthAm,Chile,Food,Tea,3,74.95,PayPal
1959,2024-08-05,C3890,56,Asia,India,Clothing,Dress,8,290.96,PayPal
1960,2024-05-19,C8883,23,NorthAm,Canada,Food,Coffee,8,49.72,Cash
1961,2024-03-20,C8897,19,SouthAm,Argentina,Electronics,Tablet,10,1166.96,PayPal
1962,2024-05-11,C7233,47,NorthAm,Canada,Clothing,Shoes,9,189.69,Credit Card
1963,2024-06-19,C3238,63,SouthAm,Brazil,Furniture,Table,1,117.97,Bank Transfer
1964,2024-09-08,C7628,44,SouthAm,Chile,Clothing,Shoes,8,106.19,Credit Card
1965,2024-07-28,C1636,25,SouthAm,Chile,Furniture,Table,7,1439.94,Bank Transfer
1966,2024-09-17,C9005,58,NorthAm,Mexico,Electronics,Headphones,7,1524.2,PayPal
1967,2024-09-01,C1565,41,Europe,France,Clothing,Dress,8,284.39,PayPal
1968,2024-05-10,C5053,56,Africa,Egypt,Furniture,Chair,2,1179.36,Cash
1969,2024-07-22,C2316,51,Asia,South Korea,Furniture,Bookshelf,5,1068.57,Cash
1970,2024-10-27,C6045,64,SouthAm,Chile,Electronics,Smartphone,10,1598.04,Bank Transfer
1971,2024-03-14,C5407,65,Asia,South Korea,Clothing,Jacket,3,248.59,Credit Card
1972,2024-02-19,C2144,62,SouthAm,Chile,Food,Tea,7,25.36,Bank Transfer
1973,2024-04-05,C3200,30,SouthAm,Brazil,Sports,Football,8,466.66,PayPal
1974,2024-04-05,C4292,21,Asia,China,Clothing,Shoes,8,195.51,Credit Card
1975,2024-11-21,C3721,23,NorthAm,USA,Food,Chocolate,5,15.78,Credit Card
1976,2024-10-26,C4846,48,SouthAm,Chile,Electronics,Smartphone,1,678.95,Credit Card
1977,2024-12-06,C1685,24,Asia,Thailand,Electronics,Headphones,10,1136.13,Bank Transfer
1978,2024-09-05,C8753,39,Africa,Nigeria,Clothing,Jeans,6,299.84,PayPal
1979,2024-07-03,C7528,42,Africa,South Africa,Clothing,Jeans,2,20.86,Cash
1980,2024-03-12,C1420,56,Europe,Netherlands,Clothing,T-Shirt,6,146.54,Cash
1981,2024-09-20,C7768,60,Asia,Japan,Clothing,Jacket,6,264.56,Bank Transfer
1982,2024-12-13,C8279,32,Africa,Nigeria,Food,Cheese,2,41.35,Cash
1983,2024-12-03,C2645,64,SouthAm,Argentina,Sports,Tennis Racket,3,699.79,Credit Card
1984,2024-03-06,C9158,23,NorthAm,Mexico,Sports,Yoga Mat,3,720.23,Credit Card
1985,2024-09-03,C9858,33,Asia,China,Furniture,Chair,2,708.85,Credit Card
1986,2024-03-23,C6349,42,NorthAm,USA,Clothing,Shoes,2,206.33,Cash
1987,2024-02-16,C6452,32,Africa,Egypt,Electronics,Tablet,7,1838.3,Cash
1988,2024-11-30,C8159,32,Asia,India,Electronics,Tablet,2,400.49,Bank Transfer
1989,2024-10-30,C4082,65,Europe,Netherlands,Clothing,T-Shirt,6,287.14,Credit Card
1990,2024-06-08,C2013,55,Africa,South Africa,Food,Pasta,6,79.42,PayPal
1991,2024-09-23,C4639,24,SouthAm,Brazil,Sports,Yoga Mat,6,141.42,Bank Transfer
1992,2024-04-22,C9189,61,SouthAm,Brazil,Sports,Basketball,3,605.24,Credit Card
1993,2024-11-02,C6245,37,Africa,Egypt,Electronics,Tablet,10,1060.91,PayPal
1994,2024-09-10,C5775,63,SouthAm,Brazil,Clothing,T-Shirt,4,257.46,PayPal
1995,2024-12-24,C1861,29,SouthAm,Chile,Food,Tea,3,99.2,Cash
1996,2024-06-21,C7921,61,SouthAm,Argentina,Food,Pasta,2,57.51,Bank Transfer
1997,2024-05-24,C4196,62,Africa,Nigeria,Electronics,Laptop,6,1554.08,Credit Card
1998,2024-12-29,C5981,47,Asia,Thailand,Furniture,Bookshelf,8,507.51,PayPal
1999,2024-04-17,C4573,65,Asia,Japan,Clothing,Dress,2,209.93,PayPal
2000,2024-07-11,C7997,61,Asia,Japan,Electronics,Tablet,8,523.34,Credit Card
